PanelType;Cell type;Cell data;Name;Description;Connected cell 1 name;Connected cell 2 name
General;ValueCell;;Hands;Total hands played;;
General;StatCell;;Vpip;Voluntarily put in the pot;;
General;StatCell;;Pfr;Preflop raise;;
General;StatCell;;AggFq_F;Aggression frequency flop;;
General;StatCell;;AggFq_T;Aggression frequency turn;;
General;StatCell;;AggFq_R;Aggression frequency river;;
General;StatCell;;WentToSd;Went to showdown when saw flop;;
General;StatCell;;WonOnSd;Won at showdown;;
General;EvCell;;EvBb;EvBb/100 hands;;
PreflopBtn;StatCell;PreflopData;Btn_Unopened_Fold;BTN fold unopened pot;Btn_Unopened_Call;Btn_Unopened_Raise
PreflopBtn;StatCell;PreflopData;Btn_Unopened_Call;BTN call unopened pot;Btn_Unopened_Raise;
PreflopBtn;StatCell;PreflopData;Btn_Unopened_Raise;BTN raise unopened pot;Btn_Unopened_Call;
PreflopBtn;StatCell;PreflopData;Btn_Limp_Fold;BTN fold limp pot;Btn_Limp_Call;Btn_Limp_Raise
PreflopBtn;StatCell;PreflopData;Btn_Limp_Call;BTN call limp pot;Btn_Limp_Raise;
PreflopBtn;StatCell;PreflopData;Btn_Limp_Raise;BTN raise limp pot;Btn_Limp_Call;
PreflopBtn;StatCell;PreflopData;Btn_Limp_Vs_Ep_Fold;BTN fold limp pot vs EP;Btn_Limp_Vs_Ep_Call;Btn_Limp_Vs_Ep_Raise
PreflopBtn;StatCell;PreflopData;Btn_Limp_Vs_Ep_Call;BTN call limp pot vs EP;Btn_Limp_Vs_Ep_Raise;
PreflopBtn;StatCell;PreflopData;Btn_Limp_Vs_Ep_Raise;BTN raise limp pot vs EP;Btn_Limp_Vs_Ep_Call;
PreflopBtn;StatCell;PreflopData;Btn_Limp_Vs_Mp_Fold;BTN fold limp pot vs MP;Btn_Limp_Vs_Mp_Call;Btn_Limp_Vs_Mp_Raise
PreflopBtn;StatCell;PreflopData;Btn_Limp_Vs_Mp_Call;BTN call limp pot vs MP;Btn_Limp_Vs_Mp_Raise;
PreflopBtn;StatCell;PreflopData;Btn_Limp_Vs_Mp_Raise;BTN raise limp pot vs MP;Btn_Limp_Vs_Mp_Call;
PreflopBtn;StatCell;PreflopData;Btn_Limp_Vs_Co_Fold;BTN fold limp pot vs CO;Btn_Limp_Vs_Co_Call;Btn_Limp_Vs_Co_Raise
PreflopBtn;StatCell;PreflopData;Btn_Limp_Vs_Co_Call;BTN call limp pot vs CO;Btn_Limp_Vs_Co_Raise;
PreflopBtn;StatCell;PreflopData;Btn_Limp_Vs_Co_Raise;BTN raise limp pot vs CO;Btn_Limp_Vs_Co_Call;
PreflopBtn;StatCell;PreflopData;Btn_Limp_Vs_Multi_Fold;BTN fold limp pot multiway;Btn_Limp_Vs_Multi_Call;Btn_Limp_Vs_Multi_Raise
PreflopBtn;StatCell;PreflopData;Btn_Limp_Vs_Multi_Call;BTN call limp pot multiway;Btn_Limp_Vs_Multi_Raise;
PreflopBtn;StatCell;PreflopData;Btn_Limp_Vs_Multi_Raise;BTN raise limp pot multiway;Btn_Limp_Vs_Multi_Call;
PreflopBtn;StatCell;PreflopData;Btn_Raise_Fold;BTN fold raise pot;Btn_Raise_Call;Btn_Raise_Raise
PreflopBtn;StatCell;PreflopData;Btn_Raise_Call;BTN call raise pot;Btn_Raise_Raise;
PreflopBtn;StatCell;PreflopData;Btn_Raise_Raise;BTN raise raise pot;Btn_Raise_Call;
PreflopBtn;StatCell;PreflopData;Btn_Raise_Vs_Ep_Fold;BTN fold raise pot vs EP;Btn_Raise_Vs_Ep_Call;Btn_Raise_Vs_Ep_Raise
PreflopBtn;StatCell;PreflopData;Btn_Raise_Vs_Ep_Call;BTN call raise pot vs EP;Btn_Raise_Vs_Ep_Raise;
PreflopBtn;StatCell;PreflopData;Btn_Raise_Vs_Ep_Raise;BTN raise raise pot vs EP;Btn_Raise_Vs_Ep_Call;
PreflopBtn;StatCell;PreflopData;Btn_Raise_Vs_Mp_Fold;BTN fold raise pot vs MP;Btn_Raise_Vs_Mp_Call;Btn_Raise_Vs_Mp_Raise
PreflopBtn;StatCell;PreflopData;Btn_Raise_Vs_Mp_Call;BTN call raise pot vs MP;Btn_Raise_Vs_Mp_Raise;
PreflopBtn;StatCell;PreflopData;Btn_Raise_Vs_Mp_Raise;BTN raise raise pot vs MP;Btn_Raise_Vs_Mp_Call;
PreflopBtn;StatCell;PreflopData;Btn_Raise_Vs_Co_Fold;BTN fold raise pot vs CO;Btn_Raise_Vs_Co_Call;Btn_Raise_Vs_Co_Raise
PreflopBtn;StatCell;PreflopData;Btn_Raise_Vs_Co_Call;BTN call raise pot vs CO;Btn_Raise_Vs_Co_Raise;
PreflopBtn;StatCell;PreflopData;Btn_Raise_Vs_Co_Raise;BTN raise raise pot vs CO;Btn_Raise_Vs_Co_Call;
PreflopBtn;StatCell;PreflopData;Btn_Raise_Vs_Multi_Fold;BTN fold raise pot multiway;Btn_Raise_Vs_Multi_Call;Btn_Raise_Vs_Multi_Raise
PreflopBtn;StatCell;PreflopData;Btn_Raise_Vs_Multi_Call;BTN call raise pot multiway;Btn_Raise_Vs_Multi_Raise;
PreflopBtn;StatCell;PreflopData;Btn_Raise_Vs_Multi_Raise;BTN raise raise pot multiway;Btn_Raise_Vs_Multi_Call;
PreflopBtn;StatCell;PreflopData;Btn_Isolate_CC_Fold;BTN fold isolate pot as cold caller;Btn_Isolate_CC_Call;Btn_Isolate_CC_Raise
PreflopBtn;StatCell;PreflopData;Btn_Isolate_CC_Call;BTN call isolate pot as cold caller;Btn_Isolate_CC_Raise;
PreflopBtn;StatCell;PreflopData;Btn_Isolate_CC_Raise;BTN raise isolate pot as cold caller;Btn_Isolate_CC_Call;
PreflopBtn;StatCell;PreflopData;Btn_Isolate_Limper_Fold;BTN fold isolate pot as limper;Btn_Isolate_Limper_Call;Btn_Isolate_Limper_Raise
PreflopBtn;StatCell;PreflopData;Btn_Isolate_Limper_Call;BTN call isolate pot as limper;Btn_Isolate_Limper_Raise;
PreflopBtn;StatCell;PreflopData;Btn_Isolate_Limper_Raise;BTN raise isolate pot as limper;Btn_Isolate_Limper_Call;
PreflopBtn;StatCell;PreflopData;Btn_Squeeze_CC_Fold;BTN fold squeeze pot as cold caller;Btn_Squeeze_CC_Call;Btn_Squeeze_CC_Raise
PreflopBtn;StatCell;PreflopData;Btn_Squeeze_CC_Call;BTN call squeeze pot as cold caller;Btn_Squeeze_CC_Raise;
PreflopBtn;StatCell;PreflopData;Btn_Squeeze_CC_Raise;BTN raise squeeze pot as cold caller;Btn_Squeeze_CC_Call;
PreflopBtn;StatCell;PreflopData;Btn_Squeeze_Raiser_Fold;BTN fold squeeze pot as raiser;Btn_Squeeze_Raiser_Call;Btn_Squeeze_Raiser_Raise
PreflopBtn;StatCell;PreflopData;Btn_Squeeze_Raiser_Call;BTN call squeeze pot as raiser;Btn_Squeeze_Raiser_Raise;
PreflopBtn;StatCell;PreflopData;Btn_Squeeze_Raiser_Raise;BTN raise squeeze pot as raiser;Btn_Squeeze_Raiser_Call;
PreflopBtn;StatCell;PreflopData;Btn_Squeeze_Caller_Fold;BTN fold squeeze pot as caller;Btn_Squeeze_Caller_Call;Btn_Squeeze_Caller_Raise
PreflopBtn;StatCell;PreflopData;Btn_Squeeze_Caller_Call;BTN call squeeze pot as caller;Btn_Squeeze_Caller_Raise;
PreflopBtn;StatCell;PreflopData;Btn_Squeeze_Caller_Raise;BTN raise squeeze pot as caller;Btn_Squeeze_Caller_Call;
PreflopBtn;StatCell;PreflopData;Btn_RaiseIsolate_CC_Fold;BTN fold raise isolate pot as cold caller;Btn_RaiseIsolate_CC_Call;Btn_RaiseIsolate_CC_Raise
PreflopBtn;StatCell;PreflopData;Btn_RaiseIsolate_CC_Call;BTN call raise isolate pot as cold caller;Btn_RaiseIsolate_CC_Raise;
PreflopBtn;StatCell;PreflopData;Btn_RaiseIsolate_CC_Raise;BTN raise raise isolate pot as cold caller;Btn_RaiseIsolate_CC_Call;
PreflopBtn;StatCell;PreflopData;Btn_RaiseIsolate_Raiser_Fold;BTN fold raise isolate pot as raiser;Btn_RaiseIsolate_Raiser_Call;Btn_RaiseIsolate_Raiser_Raise
PreflopBtn;StatCell;PreflopData;Btn_RaiseIsolate_Raiser_Call;BTN call raise isolate pot as raiser;Btn_RaiseIsolate_Raiser_Raise;
PreflopBtn;StatCell;PreflopData;Btn_RaiseIsolate_Raiser_Raise;BTN raise raise isolate pot as raiser;Btn_RaiseIsolate_Raiser_Call;
PreflopBtn;StatCell;PreflopData;Btn_RaiseIsolate_Limper_Fold;BTN fold raise isolate pot as limper;Btn_RaiseIsolate_Limper_Call;Btn_RaiseIsolate_Limper_Raise
PreflopBtn;StatCell;PreflopData;Btn_RaiseIsolate_Limper_Call;BTN call raise isolate pot as limper;Btn_RaiseIsolate_Limper_Raise;
PreflopBtn;StatCell;PreflopData;Btn_RaiseIsolate_Limper_Raise;BTN raise raise isolate pot as limper;Btn_RaiseIsolate_Limper_Call;
PreflopBtn;StatCell;PreflopData;Btn_3bet_CC_Fold;BTN fold 3 bet pot as cold caller;Btn_3bet_CC_Call;Btn_3bet_CC_Raise
PreflopBtn;StatCell;PreflopData;Btn_3bet_CC_Call;BTN call 3 bet pot as cold caller;Btn_3bet_CC_Raise;
PreflopBtn;StatCell;PreflopData;Btn_3bet_CC_Raise;BTN raise 3 bet pot as cold caller;Btn_3bet_CC_Call;
PreflopBtn;StatCell;PreflopData;Btn_3bet_Raiser_Fold;BTN fold 3 bet pot as raiser;Btn_3bet_Raiser_Call;Btn_3bet_Raiser_Raise
PreflopBtn;StatCell;PreflopData;Btn_3bet_Raiser_Call;BTN call 3 bet pot as raiser;Btn_3bet_Raiser_Raise;
PreflopBtn;StatCell;PreflopData;Btn_3bet_Raiser_Raise;BTN raise 3 bet pot as raiser;Btn_3bet_Raiser_Call;
PreflopBtn;StatCell;PreflopData;Btn_3bet_Raiser_Vs_Sb_Fold;BTN fold 3 bet pot as raiser vs SB;Btn_3bet_Raiser_Vs_Sb_Call;Btn_3bet_Raiser_Vs_Sb_Raise
PreflopBtn;StatCell;PreflopData;Btn_3bet_Raiser_Vs_Sb_Call;BTN call 3 bet pot as raiser vs SB;Btn_3bet_Raiser_Vs_Sb_Raise;
PreflopBtn;StatCell;PreflopData;Btn_3bet_Raiser_Vs_Sb_Raise;BTN raise 3 bet pot as raiser vs SB;Btn_3bet_Raiser_Vs_Sb_Call;
PreflopBtn;StatCell;PreflopData;Btn_3bet_Raiser_Vs_Bb_Fold;BTN fold 3 bet pot as raiser vs BB;Btn_3bet_Raiser_Vs_Bb_Call;Btn_3bet_Raiser_Vs_Bb_Raise
PreflopBtn;StatCell;PreflopData;Btn_3bet_Raiser_Vs_Bb_Call;BTN call 3 bet pot as raiser vs BB;Btn_3bet_Raiser_Vs_Bb_Raise;
PreflopBtn;StatCell;PreflopData;Btn_3bet_Raiser_Vs_Bb_Raise;BTN raise 3 bet pot as raiser vs BB;Btn_3bet_Raiser_Vs_Bb_Call;
PreflopBtn;StatCell;PreflopData;Btn_3bet_Raiser_Vs_Multi_Fold;BTN fold 3 bet pot as raiser multiway;Btn_3bet_Raiser_Vs_Multi_Call;Btn_3bet_Raiser_Vs_Multi_Raise
PreflopBtn;StatCell;PreflopData;Btn_3bet_Raiser_Vs_Multi_Call;BTN call 3 bet pot as raiser multiway;Btn_3bet_Raiser_Vs_Multi_Raise;
PreflopBtn;StatCell;PreflopData;Btn_3bet_Raiser_Vs_Multi_Raise;BTN raise 3 bet pot as raiser multiway;Btn_3bet_Raiser_Vs_Multi_Call;
PreflopBtn;StatCell;;Btn_4bet_Range;BTN 4 bet range;;
PreflopBtn;StatCell;;Btn_4bet_Range_Vs_Sb;BTN 4 bet range vs SB;;
PreflopBtn;StatCell;;Btn_4bet_Range_Vs_Bb;BTN 4 bet range vs BB;;
PreflopBtn;StatCell;;Btn_4bet_Range_Vs_Multi;BTN 4 bet range multiway;;
PreflopBtn;StatCell;PreflopData;Btn_4bet_Fold;BTN fold 4 bet pot;Btn_4bet_Call;Btn_4bet_Raise
PreflopBtn;StatCell;PreflopData;Btn_4bet_Call;BTN call 4 bet pot;Btn_4bet_Raise;
PreflopBtn;StatCell;PreflopData;Btn_4bet_Raise;BTN raise 4 bet pot;Btn_4bet_Call;
PreflopSb;StatCell;PreflopData;Sb_Unopened_Fold;SB fold unopened pot;Sb_Unopened_Call;Sb_Unopened_Raise
PreflopSb;StatCell;PreflopData;Sb_Unopened_Call;SB call unopened pot;Sb_Unopened_Raise;
PreflopSb;StatCell;PreflopData;Sb_Unopened_Raise;SB raise unopened pot;Sb_Unopened_Call;
PreflopSb;StatCell;PreflopData;Sb_Limp_Fold;SB fold limp pot;Sb_Limp_Call;Sb_Limp_Raise
PreflopSb;StatCell;PreflopData;Sb_Limp_Call;SB call limp pot;Sb_Limp_Raise;
PreflopSb;StatCell;PreflopData;Sb_Limp_Raise;SB raise limp pot;Sb_Limp_Call;
PreflopSb;StatCell;PreflopData;Sb_Limp_Vs_Ep_Fold;SB fold limp pot vs EP;Sb_Limp_Vs_Ep_Call;Sb_Limp_Vs_Ep_Raise
PreflopSb;StatCell;PreflopData;Sb_Limp_Vs_Ep_Call;SB call limp pot vs EP;Sb_Limp_Vs_Ep_Raise;
PreflopSb;StatCell;PreflopData;Sb_Limp_Vs_Ep_Raise;SB raise limp pot vs EP;Sb_Limp_Vs_Ep_Call;
PreflopSb;StatCell;PreflopData;Sb_Limp_Vs_Mp_Fold;SB fold limp pot vs MP;Sb_Limp_Vs_Mp_Call;Sb_Limp_Vs_Mp_Raise
PreflopSb;StatCell;PreflopData;Sb_Limp_Vs_Mp_Call;SB call limp pot vs MP;Sb_Limp_Vs_Mp_Raise;
PreflopSb;StatCell;PreflopData;Sb_Limp_Vs_Mp_Raise;SB raise limp pot vs MP;Sb_Limp_Vs_Mp_Call;
PreflopSb;StatCell;PreflopData;Sb_Limp_Vs_Co_Fold;SB fold limp pot vs CO;Sb_Limp_Vs_Co_Call;Sb_Limp_Vs_Co_Raise
PreflopSb;StatCell;PreflopData;Sb_Limp_Vs_Co_Call;SB call limp pot vs CO;Sb_Limp_Vs_Co_Raise;
PreflopSb;StatCell;PreflopData;Sb_Limp_Vs_Co_Raise;SB raise limp pot vs CO;Sb_Limp_Vs_Co_Call;
PreflopSb;StatCell;PreflopData;Sb_Limp_Vs_Btn_Fold;SB fold limp pot vs BTN;Sb_Limp_Vs_Btn_Call;Sb_Limp_Vs_Btn_Raise
PreflopSb;StatCell;PreflopData;Sb_Limp_Vs_Btn_Call;SB call limp pot vs BTN;Sb_Limp_Vs_Btn_Raise;
PreflopSb;StatCell;PreflopData;Sb_Limp_Vs_Btn_Raise;SB raise limp pot vs BTN;Sb_Limp_Vs_Btn_Call;
PreflopSb;StatCell;PreflopData;Sb_Limp_Vs_Multi_Fold;SB fold limp pot multiway;Sb_Limp_Vs_Multi_Call;Sb_Limp_Vs_Multi_Raise
PreflopSb;StatCell;PreflopData;Sb_Limp_Vs_Multi_Call;SB call limp pot multiway;Sb_Limp_Vs_Multi_Raise;
PreflopSb;StatCell;PreflopData;Sb_Limp_Vs_Multi_Raise;SB raise limp pot multiway;Sb_Limp_Vs_Multi_Call;
PreflopSb;StatCell;PreflopData;Sb_Raise_Fold;SB fold raise pot;Sb_Raise_Call;Sb_Raise_Raise
PreflopSb;StatCell;PreflopData;Sb_Raise_Call;SB call raise pot;Sb_Raise_Raise;
PreflopSb;StatCell;PreflopData;Sb_Raise_Raise;SB raise raise pot;Sb_Raise_Call;
PreflopSb;StatCell;PreflopData;Sb_Raise_Vs_Ep_Fold;SB fold raise pot vs EP;Sb_Raise_Vs_Ep_Call;Sb_Raise_Vs_Ep_Raise
PreflopSb;StatCell;PreflopData;Sb_Raise_Vs_Ep_Call;SB call raise pot vs EP;Sb_Raise_Vs_Ep_Raise;
PreflopSb;StatCell;PreflopData;Sb_Raise_Vs_Ep_Raise;SB raise raise pot vs EP;Sb_Raise_Vs_Ep_Call;
PreflopSb;StatCell;PreflopData;Sb_Raise_Vs_Mp_Fold;SB fold raise pot vs MP;Sb_Raise_Vs_Mp_Call;Sb_Raise_Vs_Mp_Raise
PreflopSb;StatCell;PreflopData;Sb_Raise_Vs_Mp_Call;SB call raise pot vs MP;Sb_Raise_Vs_Mp_Raise;
PreflopSb;StatCell;PreflopData;Sb_Raise_Vs_Mp_Raise;SB raise raise pot vs MP;Sb_Raise_Vs_Mp_Call;
PreflopSb;StatCell;PreflopData;Sb_Raise_Vs_Co_Fold;SB fold raise pot vs CO;Sb_Raise_Vs_Co_Call;Sb_Raise_Vs_Co_Raise
PreflopSb;StatCell;PreflopData;Sb_Raise_Vs_Co_Call;SB call raise pot vs CO;Sb_Raise_Vs_Co_Raise;
PreflopSb;StatCell;PreflopData;Sb_Raise_Vs_Co_Raise;SB raise raise pot vs CO;Sb_Raise_Vs_Co_Call;
PreflopSb;StatCell;PreflopData;Sb_Raise_Vs_Btn_Fold;SB fold raise pot vs BTN;Sb_Raise_Vs_Btn_Call;Sb_Raise_Vs_Btn_Raise
PreflopSb;StatCell;PreflopData;Sb_Raise_Vs_Btn_Call;SB call raise pot vs BTN;Sb_Raise_Vs_Btn_Raise;
PreflopSb;StatCell;PreflopData;Sb_Raise_Vs_Btn_Raise;SB raise raise pot vs BTN;Sb_Raise_Vs_Btn_Call;
PreflopSb;StatCell;PreflopData;Sb_Raise_Vs_Multi_Fold;SB fold raise pot multiway;Sb_Raise_Vs_Multi_Call;Sb_Raise_Vs_Multi_Raise
PreflopSb;StatCell;PreflopData;Sb_Raise_Vs_Multi_Call;SB call raise pot multiway;Sb_Raise_Vs_Multi_Raise;
PreflopSb;StatCell;PreflopData;Sb_Raise_Vs_Multi_Raise;SB raise raise pot multiway;Sb_Raise_Vs_Multi_Call;
PreflopSb;StatCell;PreflopData;Sb_Isolate_CC_Fold;SB fold isolate pot as cold caller;Sb_Isolate_CC_Call;Sb_Isolate_CC_Raise
PreflopSb;StatCell;PreflopData;Sb_Isolate_CC_Call;SB call isolate pot as cold caller;Sb_Isolate_CC_Raise;
PreflopSb;StatCell;PreflopData;Sb_Isolate_CC_Raise;SB raise isolate pot as cold caller;Sb_Isolate_CC_Call;
PreflopSb;StatCell;PreflopData;Sb_Isolate_Limper_Fold;SB fold isolate pot as limper;Sb_Isolate_Limper_Call;Sb_Isolate_Limper_Raise
PreflopSb;StatCell;PreflopData;Sb_Isolate_Limper_Call;SB call isolate pot as limper;Sb_Isolate_Limper_Raise;
PreflopSb;StatCell;PreflopData;Sb_Isolate_Limper_Raise;SB raise isolate pot as limper;Sb_Isolate_Limper_Call;
PreflopSb;StatCell;PreflopData;Sb_Isolate_Limper_Vs_Bb_Fold;SB fold isolate pot as limper vs BB;Sb_Isolate_Limper_Vs_Bb_Call;Sb_Isolate_Limper_Vs_Bb_Raise
PreflopSb;StatCell;PreflopData;Sb_Isolate_Limper_Vs_Bb_Call;SB call isolate pot as limper vs BB;Sb_Isolate_Limper_Vs_Bb_Raise;
PreflopSb;StatCell;PreflopData;Sb_Isolate_Limper_Vs_Bb_Raise;SB raise isolate pot as limper vs BB;Sb_Isolate_Limper_Vs_Bb_Call;
PreflopSb;StatCell;PreflopData;Sb_Squeeze_CC_Fold;SB fold squeeze pot as cold caller;Sb_Squeeze_CC_Call;Sb_Squeeze_CC_Raise
PreflopSb;StatCell;PreflopData;Sb_Squeeze_CC_Call;SB call squeeze pot as cold caller;Sb_Squeeze_CC_Raise;
PreflopSb;StatCell;PreflopData;Sb_Squeeze_CC_Raise;SB raise squeeze pot as cold caller;Sb_Squeeze_CC_Call;
PreflopSb;StatCell;PreflopData;Sb_Squeeze_Caller_Fold;SB fold squeeze pot as caller;Sb_Squeeze_Caller_Call;Sb_Squeeze_Caller_Raise
PreflopSb;StatCell;PreflopData;Sb_Squeeze_Caller_Call;SB call squeeze pot as caller;Sb_Squeeze_Caller_Raise;
PreflopSb;StatCell;PreflopData;Sb_Squeeze_Caller_Raise;SB raise squeeze pot as caller;Sb_Squeeze_Caller_Call;
PreflopSb;StatCell;PreflopData;Sb_RaiseIsolate_CC_Fold;SB fold raise isolate pot as cold caller;Sb_RaiseIsolate_CC_Call;Sb_RaiseIsolate_CC_Raise
PreflopSb;StatCell;PreflopData;Sb_RaiseIsolate_CC_Call;SB call raise isolate pot as cold caller;Sb_RaiseIsolate_CC_Raise;
PreflopSb;StatCell;PreflopData;Sb_RaiseIsolate_CC_Raise;SB raise raise isolate pot as cold caller;Sb_RaiseIsolate_CC_Call;
PreflopSb;StatCell;PreflopData;Sb_RaiseIsolate_Raiser_Fold;SB fold raise isolate pot as raiser;Sb_RaiseIsolate_Raiser_Call;Sb_RaiseIsolate_Raiser_Raise
PreflopSb;StatCell;PreflopData;Sb_RaiseIsolate_Raiser_Call;SB call raise isolate pot as raiser;Sb_RaiseIsolate_Raiser_Raise;
PreflopSb;StatCell;PreflopData;Sb_RaiseIsolate_Raiser_Raise;SB raise raise isolate pot as raiser;Sb_RaiseIsolate_Raiser_Call;
PreflopSb;StatCell;PreflopData;Sb_RaiseIsolate_Limper_Fold;SB fold raise isolate pot as limper;Sb_RaiseIsolate_Limper_Call;Sb_RaiseIsolate_Limper_Raise
PreflopSb;StatCell;PreflopData;Sb_RaiseIsolate_Limper_Call;SB call raise isolate pot as limper;Sb_RaiseIsolate_Limper_Raise;
PreflopSb;StatCell;PreflopData;Sb_RaiseIsolate_Limper_Raise;SB raise raise isolate pot as limper;Sb_RaiseIsolate_Limper_Call;
PreflopSb;StatCell;PreflopData;Sb_3bet_CC_Fold;SB fold 3 bet pot as cold caller;Sb_3bet_CC_Call;Sb_3bet_CC_Raise
PreflopSb;StatCell;PreflopData;Sb_3bet_CC_Call;SB call 3 bet pot as cold caller;Sb_3bet_CC_Raise;
PreflopSb;StatCell;PreflopData;Sb_3bet_CC_Raise;SB raise 3 bet pot as cold caller;Sb_3bet_CC_Call;
PreflopSb;StatCell;PreflopData;Sb_3bet_Raiser_Vs_Bb_Fold;SB fold 3 bet pot as raiser vs BB;Sb_3bet_Raiser_Vs_Bb_Call;Sb_3bet_Raiser_Vs_Bb_Raise
PreflopSb;StatCell;PreflopData;Sb_3bet_Raiser_Vs_Bb_Call;SB call 3 bet pot as raiser vs BB;Sb_3bet_Raiser_Vs_Bb_Raise;
PreflopSb;StatCell;PreflopData;Sb_3bet_Raiser_Vs_Bb_Raise;SB raise 3 bet pot as raiser vs BB;Sb_3bet_Raiser_Vs_Bb_Call;
PreflopSb;StatCell;;Sb_4bet_Range_Vs_Bb;SB 4 bet range vs BB;;
PreflopSb;StatCell;PreflopData;Sb_4bet_Fold;SB fold 4 bet pot;Sb_4bet_Call;Sb_4bet_Raise
PreflopSb;StatCell;PreflopData;Sb_4bet_Call;SB call 4 bet pot;Sb_4bet_Raise;
PreflopSb;StatCell;PreflopData;Sb_4bet_Raise;SB raise 4 bet pot;Sb_4bet_Call;
PreflopSb;StatCell;PreflopData;Sb_4bet_Vs_Bb_Fold;SB fold 4 bet pot vs BB;Sb_4bet_Vs_Bb_Call;Sb_4bet_Vs_Bb_Raise
PreflopSb;StatCell;PreflopData;Sb_4bet_Vs_Bb_Call;SB call 4 bet pot vs BB;Sb_4bet_Vs_Bb_Raise;
PreflopSb;StatCell;PreflopData;Sb_4bet_Vs_Bb_Raise;SB raise 4 bet pot vs BB;Sb_4bet_Vs_Bb_Call;
PreflopBb;StatCell;PreflopData;Bb_Limp_Check;BB check limp pot;Bb_Limp_Raise;
PreflopBb;StatCell;PreflopData;Bb_Limp_Raise;BB raise limp pot;Bb_Limp_Check;
PreflopBb;StatCell;PreflopData;Bb_Limp_Vs_Ep_Check;BB check limp pot vs EP;Bb_Limp_Vs_Ep_Raise;
PreflopBb;StatCell;PreflopData;Bb_Limp_Vs_Ep_Raise;BB raise limp pot vs EP;Bb_Limp_Vs_Ep_Check;
PreflopBb;StatCell;PreflopData;Bb_Limp_Vs_Mp_Check;BB check limp pot vs MP;Bb_Limp_Vs_Mp_Raise;
PreflopBb;StatCell;PreflopData;Bb_Limp_Vs_Mp_Raise;BB raise limp pot vs MP;Bb_Limp_Vs_Mp_Check;
PreflopBb;StatCell;PreflopData;Bb_Limp_Vs_Co_Check;BB check limp pot vs CO;Bb_Limp_Vs_Co_Raise;
PreflopBb;StatCell;PreflopData;Bb_Limp_Vs_Co_Raise;BB raise limp pot vs CO;Bb_Limp_Vs_Co_Check;
PreflopBb;StatCell;PreflopData;Bb_Limp_Vs_Btn_Check;BB check limp pot vs BTN;Bb_Limp_Vs_Btn_Raise;
PreflopBb;StatCell;PreflopData;Bb_Limp_Vs_Btn_Raise;BB raise limp pot vs BTN;Bb_Limp_Vs_Btn_Check;
PreflopBb;StatCell;PreflopData;Bb_Limp_Vs_Sb_Check;BB check limp pot vs SB;Bb_Limp_Vs_Sb_Raise;
PreflopBb;StatCell;PreflopData;Bb_Limp_Vs_Sb_Raise;BB raise limp pot vs SB;Bb_Limp_Vs_Sb_Check;
PreflopBb;StatCell;PreflopData;Bb_Limp_Vs_Multi_Check;BB check limp pot multiway;Bb_Limp_Vs_Multi_Raise;
PreflopBb;StatCell;PreflopData;Bb_Limp_Vs_Multi_Raise;BB raise limp pot multiway;Bb_Limp_Vs_Multi_Check;
PreflopBb;StatCell;PreflopData;Bb_Raise_Fold;BB fold raise pot;Bb_Raise_Call;Bb_Raise_Raise
PreflopBb;StatCell;PreflopData;Bb_Raise_Call;BB call raise pot;Bb_Raise_Raise;
PreflopBb;StatCell;PreflopData;Bb_Raise_Raise;BB raise raise pot;Bb_Raise_Call;
PreflopBb;StatCell;PreflopData;Bb_Raise_Vs_Ep_Fold;BB fold raise pot vs EP;Bb_Raise_Vs_Ep_Call;Bb_Raise_Vs_Ep_Raise
PreflopBb;StatCell;PreflopData;Bb_Raise_Vs_Ep_Call;BB call raise pot vs EP;Bb_Raise_Vs_Ep_Raise;
PreflopBb;StatCell;PreflopData;Bb_Raise_Vs_Ep_Raise;BB raise raise pot vs EP;Bb_Raise_Vs_Ep_Call;
PreflopBb;StatCell;PreflopData;Bb_Raise_Vs_Mp_Fold;BB fold raise pot vs MP;Bb_Raise_Vs_Mp_Call;Bb_Raise_Vs_Mp_Raise
PreflopBb;StatCell;PreflopData;Bb_Raise_Vs_Mp_Call;BB call raise pot vs MP;Bb_Raise_Vs_Mp_Raise;
PreflopBb;StatCell;PreflopData;Bb_Raise_Vs_Mp_Raise;BB raise raise pot vs MP;Bb_Raise_Vs_Mp_Call;
PreflopBb;StatCell;PreflopData;Bb_Raise_Vs_Co_Fold;BB fold raise pot vs CO;Bb_Raise_Vs_Co_Call;Bb_Raise_Vs_Co_Raise
PreflopBb;StatCell;PreflopData;Bb_Raise_Vs_Co_Call;BB call raise pot vs CO;Bb_Raise_Vs_Co_Raise;
PreflopBb;StatCell;PreflopData;Bb_Raise_Vs_Co_Raise;BB raise raise pot vs CO;Bb_Raise_Vs_Co_Call;
PreflopBb;StatCell;PreflopData;Bb_Raise_Vs_Btn_Fold;BB fold raise pot vs BTN;Bb_Raise_Vs_Btn_Call;Bb_Raise_Vs_Btn_Raise
PreflopBb;StatCell;PreflopData;Bb_Raise_Vs_Btn_Call;BB call raise pot vs BTN;Bb_Raise_Vs_Btn_Raise;
PreflopBb;StatCell;PreflopData;Bb_Raise_Vs_Btn_Raise;BB raise raise pot vs BTN;Bb_Raise_Vs_Btn_Call;
PreflopBb;StatCell;PreflopData;Bb_Raise_Vs_Sb_Fold;BB fold raise pot vs SB;Bb_Raise_Vs_Sb_Call;Bb_Raise_Vs_Sb_Raise
PreflopBb;StatCell;PreflopData;Bb_Raise_Vs_Sb_Call;BB call raise pot vs SB;Bb_Raise_Vs_Sb_Raise;
PreflopBb;StatCell;PreflopData;Bb_Raise_Vs_Sb_Raise;BB raise raise pot vs SB;Bb_Raise_Vs_Sb_Call;
PreflopBb;StatCell;PreflopData;Bb_Raise_Vs_Multi_Fold;BB fold raise pot multiway;Bb_Raise_Vs_Multi_Call;Bb_Raise_Vs_Multi_Raise
PreflopBb;StatCell;PreflopData;Bb_Raise_Vs_Multi_Call;BB call raise pot multiway;Bb_Raise_Vs_Multi_Raise;
PreflopBb;StatCell;PreflopData;Bb_Raise_Vs_Multi_Raise;BB raise raise pot multiway;Bb_Raise_Vs_Multi_Call;
PreflopBb;StatCell;PreflopData;Bb_Isolate_CC_Fold;BB fold isolate pot as cold caller;Bb_Isolate_CC_Call;Bb_Isolate_CC_Raise
PreflopBb;StatCell;PreflopData;Bb_Isolate_CC_Call;BB call isolate pot as cold caller;Bb_Isolate_CC_Raise;
PreflopBb;StatCell;PreflopData;Bb_Isolate_CC_Raise;BB raise isolate pot as cold caller;Bb_Isolate_CC_Call;
PreflopBb;StatCell;PreflopData;Bb_Squeeze_CC_Fold;BB fold squeeze pot as cold caller;Bb_Squeeze_CC_Call;Bb_Squeeze_CC_Raise
PreflopBb;StatCell;PreflopData;Bb_Squeeze_CC_Call;BB call squeeze pot as cold caller;Bb_Squeeze_CC_Raise;
PreflopBb;StatCell;PreflopData;Bb_Squeeze_CC_Raise;BB raise squeeze pot as cold caller;Bb_Squeeze_CC_Call;
PreflopBb;StatCell;PreflopData;Bb_RaiseIsolate_CC_Fold;BB fold raise isolate pot as cold caller;Bb_RaiseIsolate_CC_Call;Bb_RaiseIsolate_CC_Raise
PreflopBb;StatCell;PreflopData;Bb_RaiseIsolate_CC_Call;BB call raise isolate pot as cold caller;Bb_RaiseIsolate_CC_Raise;
PreflopBb;StatCell;PreflopData;Bb_RaiseIsolate_CC_Raise;BB raise raise isolate pot as cold caller;Bb_RaiseIsolate_CC_Call;
PreflopBb;StatCell;PreflopData;Bb_RaiseIsolate_Raiser_Fold;BB fold raise isolate pot as raiser;Bb_RaiseIsolate_Raiser_Call;Bb_RaiseIsolate_Raiser_Raise
PreflopBb;StatCell;PreflopData;Bb_RaiseIsolate_Raiser_Call;BB call raise isolate pot as raiser;Bb_RaiseIsolate_Raiser_Raise;
PreflopBb;StatCell;PreflopData;Bb_RaiseIsolate_Raiser_Raise;BB raise raise isolate pot as raiser;Bb_RaiseIsolate_Raiser_Call;
PreflopBb;StatCell;PreflopData;Bb_LimpRaise_Vs_Sb_Fold;BB fold limp raise pot vs SB;Bb_LimpRaise_Vs_Sb_Call;Bb_LimpRaise_Vs_Sb_Raise
PreflopBb;StatCell;PreflopData;Bb_LimpRaise_Vs_Sb_Call;BB call limp raise pot vs SB;Bb_LimpRaise_Vs_Sb_Raise;
PreflopBb;StatCell;PreflopData;Bb_LimpRaise_Vs_Sb_Raise;BB raise limp raise pot vs SB;Bb_LimpRaise_Vs_Sb_Call;
PreflopBb;StatCell;;Bb_4bet_Range_Vs_Sb;BB 4 bet range vs SB;;
PreflopBb;StatCell;PreflopData;Bb_3bet_CC_Fold;BB fold 3 bet pot as cold caller;Bb_3bet_CC_Call;Bb_3bet_CC_Raise
PreflopBb;StatCell;PreflopData;Bb_3bet_CC_Call;BB call 3 bet pot as cold caller;Bb_3bet_CC_Raise;
PreflopBb;StatCell;PreflopData;Bb_3bet_CC_Raise;BB raise 3 bet pot as cold caller;Bb_3bet_CC_Call;
PreflopBb;StatCell;PreflopData;Bb_4bet_Fold;BB fold 4 bet pot;Bb_4bet_Call;Bb_4bet_Raise
PreflopBb;StatCell;PreflopData;Bb_4bet_Call;BB call 4 bet pot;Bb_4bet_Raise;
PreflopBb;StatCell;PreflopData;Bb_4bet_Raise;BB raise 4 bet pot;Bb_4bet_Call;
PreflopBb;StatCell;PreflopData;Bb_4bet_Vs_Sb_Fold;BB fold 4 bet pot vs SB;Bb_4bet_Vs_Sb_Call;Bb_4bet_Vs_Sb_Raise
PreflopBb;StatCell;PreflopData;Bb_4bet_Vs_Sb_Call;BB call 4 bet pot vs SB;Bb_4bet_Vs_Sb_Raise;
PreflopBb;StatCell;PreflopData;Bb_4bet_Vs_Sb_Raise;BB raise 4 bet pot vs SB;Bb_4bet_Vs_Sb_Call;
PreflopEp;StatCell;PreflopData;Ep_Unopened_Fold;EP fold unopened pot;Ep_Unopened_Call;Ep_Unopened_Raise
PreflopEp;StatCell;PreflopData;Ep_Unopened_Call;EP call unopened pot;Ep_Unopened_Raise;
PreflopEp;StatCell;PreflopData;Ep_Unopened_Raise;EP raise unopened pot;Ep_Unopened_Call;
PreflopEp;StatCell;PreflopData;Ep_Isolate_Limper_Fold;EP fold isolate pot as limper;Ep_Isolate_Limper_Call;Ep_Isolate_Limper_Raise
PreflopEp;StatCell;PreflopData;Ep_Isolate_Limper_Call;EP call isolate pot as limper;Ep_Isolate_Limper_Raise;
PreflopEp;StatCell;PreflopData;Ep_Isolate_Limper_Raise;EP raise isolate pot as limper;Ep_Isolate_Limper_Call;
PreflopEp;StatCell;PreflopData;Ep_Squeeze_Raiser_Fold;EP fold squeeze pot as raiser;Ep_Squeeze_Raiser_Call;Ep_Squeeze_Raiser_Raise
PreflopEp;StatCell;PreflopData;Ep_Squeeze_Raiser_Call;EP call squeeze pot as raiser;Ep_Squeeze_Raiser_Raise;
PreflopEp;StatCell;PreflopData;Ep_Squeeze_Raiser_Raise;EP raise squeeze pot as raiser;Ep_Squeeze_Raiser_Call;
PreflopEp;StatCell;PreflopData;Ep_RaiseIsolate_Limper_Fold;EP fold raise isolate pot as limper;Ep_RaiseIsolate_Limper_Call;Ep_RaiseIsolate_Limper_Raise
PreflopEp;StatCell;PreflopData;Ep_RaiseIsolate_Limper_Call;EP call raise isolate pot as limper;Ep_RaiseIsolate_Limper_Raise;
PreflopEp;StatCell;PreflopData;Ep_RaiseIsolate_Limper_Raise;EP raise raise isolate pot as limper;Ep_RaiseIsolate_Limper_Call;
PreflopEp;StatCell;PreflopData;Ep_3bet_Raiser_Fold;EP fold 3 bet pot as raiser;Ep_3bet_Raiser_Call;Ep_3bet_Raiser_Raise
PreflopEp;StatCell;PreflopData;Ep_3bet_Raiser_Call;EP call 3 bet pot as raiser;Ep_3bet_Raiser_Raise;
PreflopEp;StatCell;PreflopData;Ep_3bet_Raiser_Raise;EP raise 3 bet pot as raiser;Ep_3bet_Raiser_Call;
PreflopEp;StatCell;PreflopData;Ep_3bet_Raiser_Vs_Mp_Fold;EP fold 3 bet pot as raiser vs MP;Ep_3bet_Raiser_Vs_Mp_Call;Ep_3bet_Raiser_Vs_Mp_Raise
PreflopEp;StatCell;PreflopData;Ep_3bet_Raiser_Vs_Mp_Call;EP call 3 bet pot as raiser vs MP;Ep_3bet_Raiser_Vs_Mp_Raise;
PreflopEp;StatCell;PreflopData;Ep_3bet_Raiser_Vs_Mp_Raise;EP raise 3 bet pot as raiser vs MP;Ep_3bet_Raiser_Vs_Mp_Call;
PreflopEp;StatCell;PreflopData;Ep_3bet_Raiser_Vs_Co_Fold;EP fold 3 bet pot as raiser vs CO;Ep_3bet_Raiser_Vs_Co_Call;Ep_3bet_Raiser_Vs_Co_Raise
PreflopEp;StatCell;PreflopData;Ep_3bet_Raiser_Vs_Co_Call;EP call 3 bet pot as raiser vs CO;Ep_3bet_Raiser_Vs_Co_Raise;
PreflopEp;StatCell;PreflopData;Ep_3bet_Raiser_Vs_Co_Raise;EP raise 3 bet pot as raiser vs CO;Ep_3bet_Raiser_Vs_Co_Call;
PreflopEp;StatCell;PreflopData;Ep_3bet_Raiser_Vs_Btn_Fold;EP fold 3 bet pot as raiser vs BTN;Ep_3bet_Raiser_Vs_Btn_Call;Ep_3bet_Raiser_Vs_Btn_Raise
PreflopEp;StatCell;PreflopData;Ep_3bet_Raiser_Vs_Btn_Call;EP call 3 bet pot as raiser vs BTN;Ep_3bet_Raiser_Vs_Btn_Raise;
PreflopEp;StatCell;PreflopData;Ep_3bet_Raiser_Vs_Btn_Raise;EP raise 3 bet pot as raiser vs BTN;Ep_3bet_Raiser_Vs_Btn_Call;
PreflopEp;StatCell;PreflopData;Ep_3bet_Raiser_Vs_Sb_Fold;EP fold 3 bet pot as raiser vs SB;Ep_3bet_Raiser_Vs_Sb_Call;Ep_3bet_Raiser_Vs_Sb_Raise
PreflopEp;StatCell;PreflopData;Ep_3bet_Raiser_Vs_Sb_Call;EP call 3 bet pot as raiser vs SB;Ep_3bet_Raiser_Vs_Sb_Raise;
PreflopEp;StatCell;PreflopData;Ep_3bet_Raiser_Vs_Sb_Raise;EP raise 3 bet pot as raiser vs SB;Ep_3bet_Raiser_Vs_Sb_Call;
PreflopEp;StatCell;PreflopData;Ep_3bet_Raiser_Vs_Bb_Fold;EP fold 3 bet pot as raiser vs BB;Ep_3bet_Raiser_Vs_Bb_Call;Ep_3bet_Raiser_Vs_Bb_Raise
PreflopEp;StatCell;PreflopData;Ep_3bet_Raiser_Vs_Bb_Call;EP call 3 bet pot as raiser vs BB;Ep_3bet_Raiser_Vs_Bb_Raise;
PreflopEp;StatCell;PreflopData;Ep_3bet_Raiser_Vs_Bb_Raise;EP raise 3 bet pot as raiser vs BB;Ep_3bet_Raiser_Vs_Bb_Call;
PreflopEp;StatCell;PreflopData;Ep_3bet_Raiser_Vs_Multi_Fold;EP fold 3 bet pot as raiser multiway;Ep_3bet_Raiser_Vs_Multi_Call;Ep_3bet_Raiser_Vs_Multi_Raise
PreflopEp;StatCell;PreflopData;Ep_3bet_Raiser_Vs_Multi_Call;EP call 3 bet pot as raiser multiway;Ep_3bet_Raiser_Vs_Multi_Raise;
PreflopEp;StatCell;PreflopData;Ep_3bet_Raiser_Vs_Multi_Raise;EP raise 3 bet pot as raiser multiway;Ep_3bet_Raiser_Vs_Multi_Call;
PreflopEp;StatCell;;Ep_4bet_Range;EP 4 bet range;;
PreflopEp;StatCell;;Ep_4bet_Range_Vs_Mp;EP 4 bet range vs MP;;
PreflopEp;StatCell;;Ep_4bet_Range_Vs_Co;EP 4 bet range vs CO;;
PreflopEp;StatCell;;Ep_4bet_Range_Vs_Btn;EP 4 bet range vs BTN;;
PreflopEp;StatCell;;Ep_4bet_Range_Vs_Sb;EP 4 bet range vs SB;;
PreflopEp;StatCell;;Ep_4bet_Range_Vs_Bb;EP 4 bet range vs BB;;
PreflopEp;StatCell;;Ep_4bet_Range_Vs_Multi;EP 4 bet range multiway;;
PreflopEp;StatCell;PreflopData;Ep_4bet_Fold;EP fold 4 bet pot;Ep_4bet_Call;Ep_4bet_Raise
PreflopEp;StatCell;PreflopData;Ep_4bet_Call;EP call 4 bet pot;Ep_4bet_Raise;
PreflopEp;StatCell;PreflopData;Ep_4bet_Raise;EP raise 4 bet pot;Ep_4bet_Call;
PreflopMp;StatCell;PreflopData;Mp_Unopened_Fold;MP fold unopened pot;Mp_Unopened_Call;Mp_Unopened_Raise
PreflopMp;StatCell;PreflopData;Mp_Unopened_Call;MP call unopened pot;Mp_Unopened_Raise;
PreflopMp;StatCell;PreflopData;Mp_Unopened_Raise;MP raise unopened pot;Mp_Unopened_Call;
PreflopMp;StatCell;PreflopData;Mp_Limp_Fold;MP fold limp pot;Mp_Limp_Call;Mp_Limp_Raise
PreflopMp;StatCell;PreflopData;Mp_Limp_Call;MP call limp pot;Mp_Limp_Raise;
PreflopMp;StatCell;PreflopData;Mp_Limp_Raise;MP raise limp pot;Mp_Limp_Call;
PreflopMp;StatCell;PreflopData;Mp_Raise_Fold;MP fold raise pot;Mp_Raise_Call;Mp_Raise_Raise
PreflopMp;StatCell;PreflopData;Mp_Raise_Call;MP call raise pot;Mp_Raise_Raise;
PreflopMp;StatCell;PreflopData;Mp_Raise_Raise;MP raise raise pot;Mp_Raise_Call;
PreflopMp;StatCell;PreflopData;Mp_Isolate_Limper_Fold;MP fold isolate pot as limper;Mp_Isolate_Limper_Call;Mp_Isolate_Limper_Raise
PreflopMp;StatCell;PreflopData;Mp_Isolate_Limper_Call;MP call isolate pot as limper;Mp_Isolate_Limper_Raise;
PreflopMp;StatCell;PreflopData;Mp_Isolate_Limper_Raise;MP raise isolate pot as limper;Mp_Isolate_Limper_Call;
PreflopMp;StatCell;PreflopData;Mp_Squeeze_Raiser_Fold;MP fold squeeze pot as raiser;Mp_Squeeze_Raiser_Call;Mp_Squeeze_Raiser_Raise
PreflopMp;StatCell;PreflopData;Mp_Squeeze_Raiser_Call;MP call squeeze pot as raiser;Mp_Squeeze_Raiser_Raise;
PreflopMp;StatCell;PreflopData;Mp_Squeeze_Raiser_Raise;MP raise squeeze pot as raiser;Mp_Squeeze_Raiser_Call;
PreflopMp;StatCell;PreflopData;Mp_Squeeze_Caller_Fold;MP fold squeeze pot as caller;Mp_Squeeze_Caller_Call;Mp_Squeeze_Caller_Raise
PreflopMp;StatCell;PreflopData;Mp_Squeeze_Caller_Call;MP call squeeze pot as caller;Mp_Squeeze_Caller_Raise;
PreflopMp;StatCell;PreflopData;Mp_Squeeze_Caller_Raise;MP raise squeeze pot as caller;Mp_Squeeze_Caller_Call;
PreflopMp;StatCell;PreflopData;Mp_RaiseIsolate_Raiser_Fold;MP fold raise isolate pot as raiser;Mp_RaiseIsolate_Raiser_Call;Mp_RaiseIsolate_Raiser_Raise
PreflopMp;StatCell;PreflopData;Mp_RaiseIsolate_Raiser_Call;MP call raise isolate pot as raiser;Mp_RaiseIsolate_Raiser_Raise;
PreflopMp;StatCell;PreflopData;Mp_RaiseIsolate_Raiser_Raise;MP raise raise isolate pot as raiser;Mp_RaiseIsolate_Raiser_Call;
PreflopMp;StatCell;PreflopData;Mp_RaiseIsolate_Limper_Fold;MP fold raise isolate pot as limper;Mp_RaiseIsolate_Limper_Call;Mp_RaiseIsolate_Limper_Raise
PreflopMp;StatCell;PreflopData;Mp_RaiseIsolate_Limper_Call;MP call raise isolate pot as limper;Mp_RaiseIsolate_Limper_Raise;
PreflopMp;StatCell;PreflopData;Mp_RaiseIsolate_Limper_Raise;MP raise raise isolate pot as limper;Mp_RaiseIsolate_Limper_Call;
PreflopMp;StatCell;PreflopData;Mp_3bet_Raiser_Fold;MP fold 3 bet pot as raiser;Mp_3bet_Raiser_Call;Mp_3bet_Raiser_Raise
PreflopMp;StatCell;PreflopData;Mp_3bet_Raiser_Call;MP call 3 bet pot as raiser;Mp_3bet_Raiser_Raise;
PreflopMp;StatCell;PreflopData;Mp_3bet_Raiser_Raise;MP raise 3 bet pot as raiser;Mp_3bet_Raiser_Call;
PreflopMp;StatCell;PreflopData;Mp_3bet_Raiser_Vs_Co_Fold;MP fold 3 bet pot as raiser vs CO;Mp_3bet_Raiser_Vs_Co_Call;Mp_3bet_Raiser_Vs_Co_Raise
PreflopMp;StatCell;PreflopData;Mp_3bet_Raiser_Vs_Co_Call;MP call 3 bet pot as raiser vs CO;Mp_3bet_Raiser_Vs_Co_Raise;
PreflopMp;StatCell;PreflopData;Mp_3bet_Raiser_Vs_Co_Raise;MP raise 3 bet pot as raiser vs CO;Mp_3bet_Raiser_Vs_Co_Call;
PreflopMp;StatCell;PreflopData;Mp_3bet_Raiser_Vs_Btn_Fold;MP fold 3 bet pot as raiser vs BTN;Mp_3bet_Raiser_Vs_Btn_Call;Mp_3bet_Raiser_Vs_Btn_Raise
PreflopMp;StatCell;PreflopData;Mp_3bet_Raiser_Vs_Btn_Call;MP call 3 bet pot as raiser vs BTN;Mp_3bet_Raiser_Vs_Btn_Raise;
PreflopMp;StatCell;PreflopData;Mp_3bet_Raiser_Vs_Btn_Raise;MP raise 3 bet pot as raiser vs BTN;Mp_3bet_Raiser_Vs_Btn_Call;
PreflopMp;StatCell;PreflopData;Mp_3bet_Raiser_Vs_Sb_Fold;MP fold 3 bet pot as raiser vs SB;Mp_3bet_Raiser_Vs_Sb_Call;Mp_3bet_Raiser_Vs_Sb_Raise
PreflopMp;StatCell;PreflopData;Mp_3bet_Raiser_Vs_Sb_Call;MP call 3 bet pot as raiser vs SB;Mp_3bet_Raiser_Vs_Sb_Raise;
PreflopMp;StatCell;PreflopData;Mp_3bet_Raiser_Vs_Sb_Raise;MP raise 3 bet pot as raiser vs SB;Mp_3bet_Raiser_Vs_Sb_Call;
PreflopMp;StatCell;PreflopData;Mp_3bet_Raiser_Vs_Bb_Fold;MP fold 3 bet pot as raiser vs BB;Mp_3bet_Raiser_Vs_Bb_Call;Mp_3bet_Raiser_Vs_Bb_Raise
PreflopMp;StatCell;PreflopData;Mp_3bet_Raiser_Vs_Bb_Call;MP call 3 bet pot as raiser vs BB;Mp_3bet_Raiser_Vs_Bb_Raise;
PreflopMp;StatCell;PreflopData;Mp_3bet_Raiser_Vs_Bb_Raise;MP raise 3 bet pot as raiser vs BB;Mp_3bet_Raiser_Vs_Bb_Call;
PreflopMp;StatCell;PreflopData;Mp_3bet_Raiser_Vs_Multi_Fold;MP fold 3 bet pot as raiser multiway;Mp_3bet_Raiser_Vs_Multi_Call;Mp_3bet_Raiser_Vs_Multi_Raise
PreflopMp;StatCell;PreflopData;Mp_3bet_Raiser_Vs_Multi_Call;MP call 3 bet pot as raiser multiway;Mp_3bet_Raiser_Vs_Multi_Raise;
PreflopMp;StatCell;PreflopData;Mp_3bet_Raiser_Vs_Multi_Raise;MP raise 3 bet pot as raiser multiway;Mp_3bet_Raiser_Vs_Multi_Call;
PreflopMp;StatCell;;Mp_4bet_Range;MP 4 bet range;;
PreflopMp;StatCell;;Mp_4bet_Range_Vs_Co;MP 4 bet range vs CO;;
PreflopMp;StatCell;;Mp_4bet_Range_Vs_Btn;MP 4 bet range vs BTN;;
PreflopMp;StatCell;;Mp_4bet_Range_Vs_Sb;MP 4 bet range vs SB;;
PreflopMp;StatCell;;Mp_4bet_Range_Vs_Bb;MP 4 bet range vs BB;;
PreflopMp;StatCell;;Mp_4bet_Range_Vs_Multi;MP 4 bet range multiway;;
PreflopMp;StatCell;PreflopData;Mp_4bet_Fold;MP fold 4 bet pot;Mp_4bet_Call;Mp_4bet_Raise
PreflopMp;StatCell;PreflopData;Mp_4bet_Call;MP call 4 bet pot;Mp_4bet_Raise;
PreflopMp;StatCell;PreflopData;Mp_4bet_Raise;MP raise 4 bet pot;Mp_4bet_Call;
PreflopCo;StatCell;PreflopData;Co_Unopened_Fold;CO fold unopened pot;Co_Unopened_Call;Co_Unopened_Raise
PreflopCo;StatCell;PreflopData;Co_Unopened_Call;CO call unopened pot;Co_Unopened_Raise;
PreflopCo;StatCell;PreflopData;Co_Unopened_Raise;CO raise unopened pot;Co_Unopened_Call;
PreflopCo;StatCell;PreflopData;Co_Limp_Fold;CO fold limp pot;Co_Limp_Call;Co_Limp_Raise
PreflopCo;StatCell;PreflopData;Co_Limp_Call;CO call limp pot;Co_Limp_Raise;
PreflopCo;StatCell;PreflopData;Co_Limp_Raise;CO raise limp pot;Co_Limp_Call;
PreflopCo;StatCell;PreflopData;Co_Limp_Vs_Ep_Fold;CO fold limp pot vs EP;Co_Limp_Vs_Ep_Call;Co_Limp_Vs_Ep_Raise
PreflopCo;StatCell;PreflopData;Co_Limp_Vs_Ep_Call;CO call limp pot vs EP;Co_Limp_Vs_Ep_Raise;
PreflopCo;StatCell;PreflopData;Co_Limp_Vs_Ep_Raise;CO raise limp pot vs EP;Co_Limp_Vs_Ep_Call;
PreflopCo;StatCell;PreflopData;Co_Limp_Vs_Mp_Fold;CO fold limp pot vs MP;Co_Limp_Vs_Mp_Call;Co_Limp_Vs_Mp_Raise
PreflopCo;StatCell;PreflopData;Co_Limp_Vs_Mp_Call;CO call limp pot vs MP;Co_Limp_Vs_Mp_Raise;
PreflopCo;StatCell;PreflopData;Co_Limp_Vs_Mp_Raise;CO raise limp pot vs MP;Co_Limp_Vs_Mp_Call;
PreflopCo;StatCell;PreflopData;Co_Limp_Vs_Multi_Fold;CO fold limp pot multiway;Co_Limp_Vs_Multi_Call;Co_Limp_Vs_Multi_Raise
PreflopCo;StatCell;PreflopData;Co_Limp_Vs_Multi_Call;CO call limp pot multiway;Co_Limp_Vs_Multi_Raise;
PreflopCo;StatCell;PreflopData;Co_Limp_Vs_Multi_Raise;CO raise limp pot multiway;Co_Limp_Vs_Multi_Call;
PreflopCo;StatCell;PreflopData;Co_Raise_Fold;CO fold raise pot;Co_Raise_Call;Co_Raise_Raise
PreflopCo;StatCell;PreflopData;Co_Raise_Call;CO call raise pot;Co_Raise_Raise;
PreflopCo;StatCell;PreflopData;Co_Raise_Raise;CO raise raise pot;Co_Raise_Call;
PreflopCo;StatCell;PreflopData;Co_Raise_Vs_Ep_Fold;CO fold raise pot vs EP;Co_Raise_Vs_Ep_Call;Co_Raise_Vs_Ep_Raise
PreflopCo;StatCell;PreflopData;Co_Raise_Vs_Ep_Call;CO call raise pot vs EP;Co_Raise_Vs_Ep_Raise;
PreflopCo;StatCell;PreflopData;Co_Raise_Vs_Ep_Raise;CO raise raise pot vs EP;Co_Raise_Vs_Ep_Call;
PreflopCo;StatCell;PreflopData;Co_Raise_Vs_Mp_Fold;CO fold raise pot vs MP;Co_Raise_Vs_Mp_Call;Co_Raise_Vs_Mp_Raise
PreflopCo;StatCell;PreflopData;Co_Raise_Vs_Mp_Call;CO call raise pot vs MP;Co_Raise_Vs_Mp_Raise;
PreflopCo;StatCell;PreflopData;Co_Raise_Vs_Mp_Raise;CO raise raise pot vs MP;Co_Raise_Vs_Mp_Call;
PreflopCo;StatCell;PreflopData;Co_Raise_Vs_Multi_Fold;CO fold raise pot multiway;Co_Raise_Vs_Multi_Call;Co_Raise_Vs_Multi_Raise
PreflopCo;StatCell;PreflopData;Co_Raise_Vs_Multi_Call;CO call raise pot multiway;Co_Raise_Vs_Multi_Raise;
PreflopCo;StatCell;PreflopData;Co_Raise_Vs_Multi_Raise;CO raise raise pot multiway;Co_Raise_Vs_Multi_Call;
PreflopCo;StatCell;PreflopData;Co_Isolate_CC_Fold;CO fold isolate pot as cold caller;Co_Isolate_CC_Call;Co_Isolate_CC_Raise
PreflopCo;StatCell;PreflopData;Co_Isolate_CC_Call;CO call isolate pot as cold caller;Co_Isolate_CC_Raise;
PreflopCo;StatCell;PreflopData;Co_Isolate_CC_Raise;CO raise isolate pot as cold caller;Co_Isolate_CC_Call;
PreflopCo;StatCell;PreflopData;Co_Isolate_Limper_Fold;CO fold isolate pot as limper;Co_Isolate_Limper_Call;Co_Isolate_Limper_Raise
PreflopCo;StatCell;PreflopData;Co_Isolate_Limper_Call;CO call isolate pot as limper;Co_Isolate_Limper_Raise;
PreflopCo;StatCell;PreflopData;Co_Isolate_Limper_Raise;CO raise isolate pot as limper;Co_Isolate_Limper_Call;
PreflopCo;StatCell;PreflopData;Co_Squeeze_Raiser_Fold;CO fold squeeze pot as raiser;Co_Squeeze_Raiser_Call;Co_Squeeze_Raiser_Raise
PreflopCo;StatCell;PreflopData;Co_Squeeze_Raiser_Call;CO call squeeze pot as raiser;Co_Squeeze_Raiser_Raise;
PreflopCo;StatCell;PreflopData;Co_Squeeze_Raiser_Raise;CO raise squeeze pot as raiser;Co_Squeeze_Raiser_Call;
PreflopCo;StatCell;PreflopData;Co_Squeeze_Caller_Fold;CO fold squeeze pot as caller;Co_Squeeze_Caller_Call;Co_Squeeze_Caller_Raise
PreflopCo;StatCell;PreflopData;Co_Squeeze_Caller_Call;CO call squeeze pot as caller;Co_Squeeze_Caller_Raise;
PreflopCo;StatCell;PreflopData;Co_Squeeze_Caller_Raise;CO raise squeeze pot as caller;Co_Squeeze_Caller_Call;
PreflopCo;StatCell;PreflopData;Co_RaiseIsolate_Raiser_Fold;CO fold raise isolate pot as raiser;Co_RaiseIsolate_Raiser_Call;Co_RaiseIsolate_Raiser_Raise
PreflopCo;StatCell;PreflopData;Co_RaiseIsolate_Raiser_Call;CO call raise isolate pot as raiser;Co_RaiseIsolate_Raiser_Raise;
PreflopCo;StatCell;PreflopData;Co_RaiseIsolate_Raiser_Raise;CO raise raise isolate pot as raiser;Co_RaiseIsolate_Raiser_Call;
PreflopCo;StatCell;PreflopData;Co_RaiseIsolate_Limper_Fold;CO fold raise isolate pot as limper;Co_RaiseIsolate_Limper_Call;Co_RaiseIsolate_Limper_Raise
PreflopCo;StatCell;PreflopData;Co_RaiseIsolate_Limper_Call;CO call raise isolate pot as limper;Co_RaiseIsolate_Limper_Raise;
PreflopCo;StatCell;PreflopData;Co_RaiseIsolate_Limper_Raise;CO raise raise isolate pot as limper;Co_RaiseIsolate_Limper_Call;
PreflopCo;StatCell;PreflopData;Co_3bet_CC_Fold;CO fold 3 bet pot as cold caller;Co_3bet_CC_Call;Co_3bet_CC_Raise
PreflopCo;StatCell;PreflopData;Co_3bet_CC_Call;CO call 3 bet pot as cold caller;Co_3bet_CC_Raise;
PreflopCo;StatCell;PreflopData;Co_3bet_CC_Raise;CO raise 3 bet pot as cold caller;Co_3bet_CC_Call;
PreflopCo;StatCell;PreflopData;Co_3bet_Raiser_Fold;CO fold 3 bet pot as raiser;Co_3bet_Raiser_Call;Co_3bet_Raiser_Raise
PreflopCo;StatCell;PreflopData;Co_3bet_Raiser_Call;CO call 3 bet pot as raiser;Co_3bet_Raiser_Raise;
PreflopCo;StatCell;PreflopData;Co_3bet_Raiser_Raise;CO raise 3 bet pot as raiser;Co_3bet_Raiser_Call;
PreflopCo;StatCell;PreflopData;Co_3bet_Raiser_Vs_Btn_Fold;CO fold 3 bet pot as raiser vs BTN;Co_3bet_Raiser_Vs_Btn_Call;Co_3bet_Raiser_Vs_Btn_Raise
PreflopCo;StatCell;PreflopData;Co_3bet_Raiser_Vs_Btn_Call;CO call 3 bet pot as raiser vs BTN;Co_3bet_Raiser_Vs_Btn_Raise;
PreflopCo;StatCell;PreflopData;Co_3bet_Raiser_Vs_Btn_Raise;CO raise 3 bet pot as raiser vs BTN;Co_3bet_Raiser_Vs_Btn_Call;
PreflopCo;StatCell;PreflopData;Co_3bet_Raiser_Vs_Sb_Fold;CO fold 3 bet pot as raiser vs SB;Co_3bet_Raiser_Vs_Sb_Call;Co_3bet_Raiser_Vs_Sb_Raise
PreflopCo;StatCell;PreflopData;Co_3bet_Raiser_Vs_Sb_Call;CO call 3 bet pot as raiser vs SB;Co_3bet_Raiser_Vs_Sb_Raise;
PreflopCo;StatCell;PreflopData;Co_3bet_Raiser_Vs_Sb_Raise;CO raise 3 bet pot as raiser vs SB;Co_3bet_Raiser_Vs_Sb_Call;
PreflopCo;StatCell;PreflopData;Co_3bet_Raiser_Vs_Bb_Fold;CO fold 3 bet pot as raiser vs BB;Co_3bet_Raiser_Vs_Bb_Call;Co_3bet_Raiser_Vs_Bb_Raise
PreflopCo;StatCell;PreflopData;Co_3bet_Raiser_Vs_Bb_Call;CO call 3 bet pot as raiser vs BB;Co_3bet_Raiser_Vs_Bb_Raise;
PreflopCo;StatCell;PreflopData;Co_3bet_Raiser_Vs_Bb_Raise;CO raise 3 bet pot as raiser vs BB;Co_3bet_Raiser_Vs_Bb_Call;
PreflopCo;StatCell;PreflopData;Co_3bet_Raiser_Vs_Multi_Fold;CO fold 3 bet pot as raiser multiway;Co_3bet_Raiser_Vs_Multi_Call;Co_3bet_Raiser_Vs_Multi_Raise
PreflopCo;StatCell;PreflopData;Co_3bet_Raiser_Vs_Multi_Call;CO call 3 bet pot as raiser multiway;Co_3bet_Raiser_Vs_Multi_Raise;
PreflopCo;StatCell;PreflopData;Co_3bet_Raiser_Vs_Multi_Raise;CO raise 3 bet pot as raiser multiway;Co_3bet_Raiser_Vs_Multi_Call;
PreflopCo;StatCell;;Co_4bet_Range;CO 4 bet range;;
PreflopCo;StatCell;;Co_4bet_Range_Vs_Btn;CO 4 bet range vs BTN;;
PreflopCo;StatCell;;Co_4bet_Range_Vs_Sb;CO 4 bet range vs SB;;
PreflopCo;StatCell;;Co_4bet_Range_Vs_Bb;CO 4 bet range vs BB;;
PreflopCo;StatCell;;Co_4bet_Range_Vs_Multi;CO 4 bet range multiway;;
PreflopCo;StatCell;PreflopData;Co_4bet_Fold;CO fold 4 bet pot;Co_4bet_Call;Co_4bet_Raise
PreflopCo;StatCell;PreflopData;Co_4bet_Call;CO call 4 bet pot;Co_4bet_Raise;
PreflopCo;StatCell;PreflopData;Co_4bet_Raise;CO raise 4 bet pot;Co_4bet_Call;
PreflopSbvsBb;StatCell;PreflopData;SbvsBb_Unopened_Fold;SB vs BB HU fold unopened pot;SbvsBb_Unopened_Call;SbvsBb_Unopened_Raise
PreflopSbvsBb;StatCell;PreflopData;SbvsBb_Unopened_Call;SB vs BB HU  call unopened pot;SbvsBb_Unopened_Raise;
PreflopSbvsBb;StatCell;PreflopData;SbvsBb_Unopened_Raise;SB vs BB HU  raise unopened pot;SbvsBb_Unopened_Call;
PreflopSbvsBb;StatCell;PreflopData;SbvsBb_Isolate_Fold;SB vs BB HU  fold isolate pot;SbvsBb_Isolate_Call;SbvsBb_Isolate_Raise
PreflopSbvsBb;StatCell;PreflopData;SbvsBb_Isolate_Call;SB vs BB HU  call isolate pot;SbvsBb_Isolate_Raise;
PreflopSbvsBb;StatCell;PreflopData;SbvsBb_Isolate_Raise;SB vs BB HU  raise isolate pot;SbvsBb_Isolate_Call;
PreflopSbvsBb;StatCell;PreflopData;SbvsBb_3bet_Fold;SB vs BB HU  fold 3 bet pot;SbvsBb_3bet_Call;SbvsBb_3bet_Raise
PreflopSbvsBb;StatCell;PreflopData;SbvsBb_3bet_Call;SB vs BB HU  call 3 bet pot;SbvsBb_3bet_Raise;
PreflopSbvsBb;StatCell;PreflopData;SbvsBb_3bet_Raise;SB vs BB HU  raise 3 bet pot;SbvsBb_3bet_Call;
PreflopSbvsBb;StatCell;;SbvsBb_4bet_Range;SB vs BB HU 4 bet range;;
PreflopSbvsBb;StatCell;PreflopData;SbvsBb_4bet_Fold;SB vs BB HU  fold 4 bet pot;SbvsBb_4bet_Call;SbvsBb_4bet_Raise
PreflopSbvsBb;StatCell;PreflopData;SbvsBb_4bet_Call;SB vs BB HU  call 4 bet pot;SbvsBb_4bet_Raise;
PreflopSbvsBb;StatCell;PreflopData;SbvsBb_4bet_Raise;SB vs BB HU  raise 4 bet pot;SbvsBb_4bet_Call;
PreflopSbvsBb;StatCell;PreflopData;SbvsBb_5bet_Fold;SB vs BB HU  fold 5 bet pot;SbvsBb_5bet_Call;SbvsBb_5bet_Raise
PreflopSbvsBb;StatCell;PreflopData;SbvsBb_5bet_Call;SB vs BB HU  call 5 bet pot;SbvsBb_5bet_Raise;
PreflopSbvsBb;StatCell;PreflopData;SbvsBb_5bet_Raise;SB vs BB HU  raise 5 bet pot;SbvsBb_5bet_Call;
PreflopBbvsSb;StatCell;PreflopData;BbvsSb_Limp_Check;BB vs SB HU  check limp pot;BbvsSb_Limp_Raise;
PreflopBbvsSb;StatCell;PreflopData;BbvsSb_Limp_Raise;BB vs SB HU  raise limp pot;BbvsSb_Limp_Check;
PreflopBbvsSb;StatCell;PreflopData;BbvsSb_Raise_Fold;BB vs SB HU  fold raise pot;BbvsSb_Raise_Call;BbvsSb_Raise_Raise
PreflopBbvsSb;StatCell;PreflopData;BbvsSb_Raise_Call;BB vs SB HU  call raise pot;BbvsSb_Raise_Raise;
PreflopBbvsSb;StatCell;PreflopData;BbvsSb_Raise_Raise;BB vs SB HU  raise raise pot;BbvsSb_Raise_Call;
PreflopBbvsSb;StatCell;PreflopData;BbvsSb_LimpRaise_Fold;BB vs SB HU  fold limp raise pot;BbvsSb_LimpRaise_Call;BbvsSb_LimpRaise_Raise
PreflopBbvsSb;StatCell;PreflopData;BbvsSb_LimpRaise_Call;BB vs SB HU  call limp raise pot;BbvsSb_LimpRaise_Raise;
PreflopBbvsSb;StatCell;PreflopData;BbvsSb_LimpRaise_Raise;BB vs SB HU  raise limp raise pot;BbvsSb_LimpRaise_Call;
PreflopBbvsSb;StatCell;;BbvsSb_4bet_Range;BB vs SB HU 4 bet range;;
PreflopBbvsSb;StatCell;PreflopData;BbvsSb_4bet_Fold;BB vs SB HU  fold 4 bet pot;BbvsSb_4bet_Call;BbvsSb_4bet_Raise
PreflopBbvsSb;StatCell;PreflopData;BbvsSb_4bet_Call;BB vs SB HU  call 4 bet pot;BbvsSb_4bet_Raise;
PreflopBbvsSb;StatCell;PreflopData;BbvsSb_4bet_Raise;BB vs SB HU  raise 4 bet pot;BbvsSb_4bet_Call;
PreflopBbvsSb;StatCell;PreflopData;BbvsSb_5bet_Fold;BB vs SB HU  fold 5 bet pot;BbvsSb_5bet_Call;BbvsSb_5bet_Raise
PreflopBbvsSb;StatCell;PreflopData;BbvsSb_5bet_Call;BB vs SB HU  call 5 bet pot;BbvsSb_5bet_Raise;
PreflopBbvsSb;StatCell;PreflopData;BbvsSb_5bet_Raise;BB vs SB HU  raise 5 bet pot;BbvsSb_5bet_Call;
PostflopHuIp;StatCell;PostflopData;CB_F;Continuation bet flop;CX_F;
PostflopHuIp;StatCell;PostflopData;CB_T;Continuation bet turn;CX_T;
PostflopHuIp;StatCell;PostflopData;CB_R;Continuation bet river;CX_R;
PostflopHuIp;StatCell;PostflopData;CX_F;Continuation check flop;;
PostflopHuIp;StatCell;PostflopData;CX_T;Continuation check turn;;
PostflopHuIp;StatCell;PostflopData;CX_R;Continuation check river;;
PostflopHuIp;StatCell;PostflopData;FCBvR_F;Continuation bet/fold flop;CCBvR_F;THREEBET_F
PostflopHuIp;StatCell;PostflopData;FCBvR_T;Continuation bet/fold turn;CCBvR_T;THREEBET_T
PostflopHuIp;StatCell;PostflopData;FCBvR_R;Continuation bet/fold river;CCBvR_R;THREEBET_R
PostflopHuIp;StatCell;PostflopData;CCBvR_F;Continuation bet/call flop;;
PostflopHuIp;StatCell;PostflopData;CCBvR_T;Continuation bet/call turn;;
PostflopHuIp;StatCell;PostflopData;CCBvR_R;Continuation bet/call river;;
PostflopHuIp;StatCell;PostflopData;FCBvR_F_B;Continuation bet/call flop and fold to turn bet;CCBvR_F_B;
PostflopHuIp;StatCell;PostflopData;FCBvR_F_BB;Continuation bet/call flop, call turn and fold to river bet;CCBvR_F_BB;
PostflopHuIp;StatCell;PostflopData;CCBvR_F_B;Continuation bet/call flop and call turn bet;;
PostflopHuIp;StatCell;PostflopData;CCBvR_F_BB;Continuation bet/call flop, call turn and call river bet;;
PostflopHuIp;StatCell;PostflopData;FCBvR_F_XB;Continuation bet/call flop, check/check turn and fold to river bet;CCBvR_F_XB;
PostflopHuIp;StatCell;PostflopData;CCBvR_F_XB;Continuation bet/call flop, check/check turn and call river bet;;
PostflopHuIp;StatCell;PostflopData;FCBvR_T_B;Continuation bet/call turn and fold to river bet;CCBvR_T_B;
PostflopHuIp;StatCell;PostflopData;CCBvR_T_B;Continuation bet/call turn and call river bet;;
PostflopHuIp;StatCell;PostflopData;FLOATXRCB_T;Call check/raise of flop continuation bet and bet on turn after check;FLOATXRCBX_T;
PostflopHuIp;StatCell;PostflopData;FLOATXRCB_R;Call check/raise of turn continuation bet and bet on river after check;FLOATXRCBX_R;
PostflopHuIp;StatCell;PostflopData;FLOATXRCBX_T;Call check/raise of flop continuation bet and check on turn after check;;
PostflopHuIp;StatCell;PostflopData;FLOATXRCBX_R;Call check/raise of turn continuation bet and check on river after check;;
PostflopHuIp;StatCell;PostflopData;FLOATXRCB_T_B;Call check/raise of flop continuation bet, bet turn after check and bet river;FLOATXRCB_T_X;
PostflopHuIp;StatCell;PostflopData;FLOATXRCB_T_X;Call check/raise of flop continuation bet, bet turn after check and check river;;
PostflopHuIp;StatCell;PostflopData;DelFLOATXRCB_R;Call check/raise of flop continuation bet, check/check turn and bet river;DelFLOATXRCBX_R;
PostflopHuIp;StatCell;PostflopData;DelFLOATXRCBX_R;Call check/raise of flop continuation bet, check/check turn and check river;;
PostflopHuIp;StatCell;PostflopData;DblFLOATXRCB_R;Call check/raise of flop continuation bet, call turn bet and bet river after check;DblFLOATXRCBX_R;
PostflopHuIp;StatCell;PostflopData;DblFLOATXRCBX_R;Call check/raise of flop continuation bet, call turn bet and check behind river;;
PostflopHuIp;StatCell;PostflopData;THREEBET_F;3 bet flop;;
PostflopHuIp;StatCell;PostflopData;THREEBET_T;3 bet turn;;
PostflopHuIp;StatCell;PostflopData;THREEBET_R;3 bet river;;
PostflopHuIp;StatCell;PostflopData;FvTHREEBET_F;Fold to 3 bet flop;CvTHREEBET_F;FOURBET_F
PostflopHuIp;StatCell;PostflopData;FvTHREEBET_T;Fold to 3 bet turn;CvTHREEBET_T;FOURBET_T
PostflopHuIp;StatCell;PostflopData;FvTHREEBET_R;Fold to 3 bet river;CvTHREEBET_R;FOURBET_R
PostflopHuIp;StatCell;PostflopData;CvTHREEBET_F;Call 3 bet flop;;
PostflopHuIp;StatCell;PostflopData;CvTHREEBET_T;Call 3 bet turn;;
PostflopHuIp;StatCell;PostflopData;CvTHREEBET_R;Call 3 bet river;;
PostflopHuIp;StatCell;PostflopData;FOURBET_F;4 bet flop;CvTHREEBET_F;
PostflopHuIp;StatCell;PostflopData;FOURBET_T;4 bet turn;CvTHREEBET_T;
PostflopHuIp;StatCell;PostflopData;FOURBET_R;4 bet river;CvTHREEBET_R;
PostflopHuIp;StatCell;PostflopData;DELAY_T;Delay continuation bet turn;DELAYX_T;
PostflopHuIp;StatCell;PostflopData;DELAY_R;Delay continuation bet river;DELAYX_R;
PostflopHuIp;StatCell;PostflopData;DELAYX_T;Delay continuation check turn;;
PostflopHuIp;StatCell;PostflopData;DELAYX_R;Delay continuation check river;;
PostflopHuIp;StatCell;PostflopData;DELAY_F_T;Delay bet/fold turn;DELAY_C_T;THREEBET_T
PostflopHuIp;StatCell;PostflopData;DELAY_F_R;Delay bet/fold river;DELAY_C_R;THREEBET_R
PostflopHuIp;StatCell;PostflopData;DELAY_C_T;Delay bet/call turn;;
PostflopHuIp;StatCell;PostflopData;DELAY_C_R;Delay bet/call river;;
PostflopHuIp;StatCell;PostflopData;DELAY_T_B;Delay continuation bet turn and bet river;DELAY_T_X;
PostflopHuIp;StatCell;PostflopData;DELAY_T_X;Delay continuation bet turn and check river;;
PostflopHuIp;StatCell;PostflopData;DELAY_F_T_B;Delay continuation bet/call turn and fold to river bet;DELAY_C_T_B;
PostflopHuIp;StatCell;PostflopData;DELAY_C_T_B;Delay continuation bet/call turn and call river bet;;
PostflopHuIp;StatCell;PostflopData;FLOATXRDELAY_R;Delay continuation bet/call turn and bet river after check;FLOATXRDELAYX_R;
PostflopHuIp;StatCell;PostflopData;FLOATXRDELAYX_R;Delay continuation bet/call turn and check behind river;;
PostflopHuIp;StatCell;PostflopData;SDELAY_R;Super delay continuation bet river;SDELAYX_R;
PostflopHuIp;StatCell;PostflopData;SDELAYX_R;Super delay continuation check river;;
PostflopHuIp;StatCell;PostflopData;SDELAY_F_R;Super delay continuation bet/fold river;SDELAY_C_R;THREEBET_R
PostflopHuIp;StatCell;PostflopData;SDELAY_C_R;Super delay continuation bet/call river;;
PostflopHuIp;StatCell;PostflopData;FvDONK_F;Fold to donk bet flop;CvDONK_F;RvDONK_F
PostflopHuIp;StatCell;PostflopData;FvDONK_T;Fold to donk bet turn;CvDONK_T;RvDONK_T
PostflopHuIp;StatCell;PostflopData;FvDONK_R;Fold to donk bet river;CvDONK_R;RvDONK_R
PostflopHuIp;StatCell;PostflopData;CvDONK_F;Call donk bet flop;;
PostflopHuIp;StatCell;PostflopData;CvDONK_T;Call donk bet turn;;
PostflopHuIp;StatCell;PostflopData;CvDONK_R;Call donk bet river;;
PostflopHuIp;StatCell;PostflopData;FvDONK_F_B;Call donk bet flop and fold to turn bet;CvDONK_F_B;
PostflopHuIp;StatCell;PostflopData;FvDONK_F_BB;Call donk bet flop, call turn and fold to river bet;CvDONK_F_BB;
PostflopHuIp;StatCell;PostflopData;CvDONK_F_B;Call donk bet flop and call turn bet;;
PostflopHuIp;StatCell;PostflopData;CvDONK_F_BB;Call donk bet flop, call turn and call river bet;;
PostflopHuIp;StatCell;PostflopData;FvDONK_F_XB;Call donk bet flop, check/check turn and fold to river bet;CvDONK_F_XB;
PostflopHuIp;StatCell;PostflopData;CvDONK_F_XB;Call donk bet flop, check/check turn and call river bet;;
PostflopHuIp;StatCell;PostflopData;FvDONK_T_B;Call donk bet turn and fold to river bet;CvDONK_T_B;
PostflopHuIp;StatCell;PostflopData;CvDONK_T_B;Call donk bet turn and call river bet;;
PostflopHuIp;StatCell;PostflopData;RvDONK_F;Raise donk bet flop;CvDONK_F;
PostflopHuIp;StatCell;PostflopData;RvDONK_T;Raise donk bet turn;CvDONK_T;
PostflopHuIp;StatCell;PostflopData;RvDONK_R;Raise donk bet river;CvDONK_R;
PostflopHuIp;StatCell;PostflopData;RvDONK_F_B;Raise donk bet flop and bet turn;RvDONK_F_X;
PostflopHuIp;StatCell;PostflopData;RvDONK_F_BB;Raise donk bet flop, bet turn and bet river;RvDONK_F_BX;
PostflopHuIp;StatCell;PostflopData;RvDONK_F_X;Raise donk bet flop and check turn;;
PostflopHuIp;StatCell;PostflopData;RvDONK_F_BX;Raise donk bet flop, bet turn and check river;;
PostflopHuIp;StatCell;PostflopData;RvDONK_F_XB;Raise donk bet flop, check/check turn and bet river;RvDONK_F_XX;
PostflopHuIp;StatCell;PostflopData;RvDONK_F_XX;Raise donk bet flop, check/check turn and check river;;
PostflopHuIp;StatCell;PostflopData;RvDONK_T_B;Raise donk bet turn and bet river;RvDONK_T_X;
PostflopHuIp;StatCell;PostflopData;RvDONK_T_X;Raise donk bet turn and check river;;
PostflopHuIp;StatCell;PostflopData;FLOATDONK_T;Call flop donk bet and bet on turn after check;FLOATDONKX_T;
PostflopHuIp;StatCell;PostflopData;FLOATDONK_R;Call turn donk bet and bet on river after check;FLOATDONKX_R;
PostflopHuIp;StatCell;PostflopData;FLOATDONKX_T;Call flop donk bet and check on turn after check;;
PostflopHuIp;StatCell;PostflopData;FLOATDONKX_R;Call turn donk bet and check on river after check;;
PostflopHuIp;StatCell;PostflopData;FLOATDONK_T_B;Call flop donk bet, bet turn after check and bet river;FLOATDONK_T_X;
PostflopHuIp;StatCell;PostflopData;FLOATDONK_T_X;Call flop donk bet, bet turn after check and check river;;
PostflopHuIp;StatCell;PostflopData;DelFLOATDONK_R;Call flop donk bet, check/check turn and bet river;DelFLOATDONKX_R;
PostflopHuIp;StatCell;PostflopData;DelFLOATDONKX_R;Call flop donk bet, check/check turn and check river;;
PostflopHuIp;StatCell;PostflopData;DblFLOATDONK_R;Call flop donk bet, call turn bet and bet river after check;DblFLOATDONKX_R;
PostflopHuIp;StatCell;PostflopData;DblFLOATDONKX_R;Call flop donk bet, call turn bet and check behind river;;
PostflopHuIp;StatCell;PostflopData;FvDONKDELAY_R;Delay continuation bet turn and fold to donk bet river;CvDONKDELAY_R;RvDONKDELAY_R
PostflopHuIp;StatCell;PostflopData;CvDONKDELAY_R;Delay continuation bet turn and call donk bet river;;
PostflopHuIp;StatCell;PostflopData;RvDONKDELAY_R;Delay continuation bet turn and raise donk bet river;CvDONKDELAY_R;
PostflopHuIp;StatCell;PostflopData;FvPROBE_T;Fold to probet turn;CvPROBE_T;RvPROBE_T
PostflopHuIp;StatCell;PostflopData;FvPROBE_R;Fold to probet river;CvPROBE_R;RvPROBE_R
PostflopHuIp;StatCell;PostflopData;CvPROBE_T;Call probet turn;;
PostflopHuIp;StatCell;PostflopData;CvPROBE_R;Call probet river;;
PostflopHuIp;StatCell;PostflopData;FvPROBE_T_B;Call probet turn and fold to river bet;CvPROBE_T_B;
PostflopHuIp;StatCell;PostflopData;CvPROBE_T_B;Call probet turn and call river bet;;
PostflopHuIp;StatCell;PostflopData;RvPROBE_T;Raise probet turn;CvPROBE_T;
PostflopHuIp;StatCell;PostflopData;RvPROBE_R;Raise probet river;CvPROBE_R;
PostflopHuIp;StatCell;PostflopData;RvPROBE_T_B;Raise probet turn and bet river;RvPROBE_T_X;
PostflopHuIp;StatCell;PostflopData;RvPROBE_T_X;Raise probet turn and check river;;
PostflopHuIp;StatCell;PostflopData;FLOATPROBE_R;Call turn probet and bet on river after check;FLOATPROBEX_R;
PostflopHuIp;StatCell;PostflopData;FLOATPROBEX_R;Call turn probet and check behind on river;;
PostflopHuIp;StatCell;PostflopData;FvSPROBE_R;Fold to super river probet;CvSPROBE_R;RvSPROBE_R
PostflopHuIp;StatCell;PostflopData;CvSPROBE_R;Call super river probet;;
PostflopHuIp;StatCell;PostflopData;RvSPROBE_R;Raise super river probet;CvSPROBE_R;
PostflopHuOop;StatCell;PostflopData;FvCB_F;Fold to continuation bet flop;CvCB_F;RvCB_F
PostflopHuOop;StatCell;PostflopData;FvCB_T;Fold to continuation bet turn;CvCB_T;RvCB_T
PostflopHuOop;StatCell;PostflopData;FvCB_R;Fold to continuation bet river;CvCB_R;RvCB_R
PostflopHuOop;StatCell;PostflopData;CvCB_F;Call continuation bet flop;;
PostflopHuOop;StatCell;PostflopData;CvCB_T;Call continuation bet turn;;
PostflopHuOop;StatCell;PostflopData;CvCB_R;Call continuation bet river;;
PostflopHuOop;StatCell;PostflopData;RvCB_F;Raise continuation bet flop;CvCB_F;
PostflopHuOop;StatCell;PostflopData;RvCB_T;Raise continuation bet turn;CvCB_T;
PostflopHuOop;StatCell;PostflopData;RvCB_R;Raise continuation bet river;CvCB_R;
PostflopHuOop;StatCell;PostflopData;RvCB_F_B;Raise continuation bet flop and bet turn;RvCB_F_X;
PostflopHuOop;StatCell;PostflopData;RvCB_F_BB;Raise continuation bet flop, bet turn and bet river;RvCB_F_BX;
PostflopHuOop;StatCell;PostflopData;RvCB_F_X;Raise continuation bet flop and check turn;;
PostflopHuOop;StatCell;PostflopData;RvCB_F_BX;Raise continuation bet flop, bet turn and check river;;
PostflopHuOop;StatCell;PostflopData;RvCB_F_XB;Raise continuation bet flop, check/check turn and bet river;RvCB_F_XX;
PostflopHuOop;StatCell;PostflopData;RvCB_F_XX;Raise continuation bet flop, check/check turn and check river;;
PostflopHuOop;StatCell;PostflopData;RvCB_T_B;Raise continuation bet turn and bet river;RvCB_T_X;
PostflopHuOop;StatCell;PostflopData;RvCB_T_X;Raise continuation bet turn and check river;;
PostflopHuOop;StatCell;PostflopData;FvFLOATXRCB_T;Check/raise continuation bet on flop and check/fold to turn bet;CvFLOATXRCB_T;
PostflopHuOop;StatCell;PostflopData;FvFLOATXRCB_R;Check/raise continuation bet on turn and check/fold to river bet;CvFLOATXRCB_R;
PostflopHuOop;StatCell;PostflopData;CvFLOATXRCB_T;Check/raise continuation bet on flop and check/call turn bet;;
PostflopHuOop;StatCell;PostflopData;CvFLOATXRCB_R;Check/raise continuation bet on turn and check/call river bet;;
PostflopHuOop;StatCell;PostflopData;FvFLOATXRCB_T_B;Check/raise continuation bet on turn, check/call turn bet and check/fold to river bet;CvFLOATXRCB_T_B;
PostflopHuOop;StatCell;PostflopData;CvFLOATXRCB_T_B;Check/raise continuation bet on turn, check/call turn bet and check/call river bet;;
PostflopHuOop;StatCell;PostflopData;FvDelFLOATXRCB_R;Check/raise continuation bet on flop, check/check on turn and check/fold to river bet;CvDelFLOATXRCB_R;
PostflopHuOop;StatCell;PostflopData;CvDelFLOATXRCB_R;Check/raise continuation bet on flop, check/check on turn and check/call river bet;;
PostflopHuOop;StatCell;PostflopData;FvDblFLOATXRCB_R;Check/raise continuation bet on flop, bet turn and check/fold to river bet;CvDblFLOATXRCB_R;
PostflopHuOop;StatCell;PostflopData;CvDblFLOATXRCB_R;Check/raise continuation bet on flop, bet turn and check/call river bet;;
PostflopHuOop;StatCell;PostflopData;THREEBET_F;3 bet flop;;
PostflopHuOop;StatCell;PostflopData;THREEBET_T;3 bet turn;;
PostflopHuOop;StatCell;PostflopData;THREEBET_R;3 bet river;;
PostflopHuOop;StatCell;PostflopData;FvTHREEBET_F;Fold to 3 bet flop;CvTHREEBET_F;FOURBET_F
PostflopHuOop;StatCell;PostflopData;FvTHREEBET_T;Fold to 3 bet turn;CvTHREEBET_T;FOURBET_T
PostflopHuOop;StatCell;PostflopData;FvTHREEBET_R;Fold to 3 bet river;CvTHREEBET_R;FOURBET_R
PostflopHuOop;StatCell;PostflopData;CvTHREEBET_F;Call 3 bet flop;;
PostflopHuOop;StatCell;PostflopData;CvTHREEBET_T;Call 3 bet turn;;
PostflopHuOop;StatCell;PostflopData;CvTHREEBET_R;Call 3 bet river;;
PostflopHuOop;StatCell;PostflopData;FOURBET_F;4 bet flop;CvTHREEBET_F;
PostflopHuOop;StatCell;PostflopData;FOURBET_T;4 bet turn;CvTHREEBET_T;
PostflopHuOop;StatCell;PostflopData;FOURBET_R;4 bet river;CvTHREEBET_R;
PostflopHuOop;StatCell;PostflopData;FvDELAY_T;Fold to delay continuation bet turn;CvDELAY_T;RvDELAY_T
PostflopHuOop;StatCell;PostflopData;FvDELAY_R;Fold to delay continuation bet river;CvDELAY_R;RvDELAY_R
PostflopHuOop;StatCell;PostflopData;CvDELAY_T;Call delay continuation bet turn;;
PostflopHuOop;StatCell;PostflopData;CvDELAY_R;Call delay continuation bet river;;
PostflopHuOop;StatCell;PostflopData;FvDELAY_T_B;Call delay continuation bet turn and fold to bet river;CvDELAY_T_B;
PostflopHuOop;StatCell;PostflopData;CvDELAY_T_B;Call delay continuation bet turn and call bet river;;
PostflopHuOop;StatCell;PostflopData;RvDELAY_T;Raise delay continuation bet turn;CvDELAY_T;
PostflopHuOop;StatCell;PostflopData;RvDELAY_R;Raise delay continuation bet river;CvDELAY_R;
PostflopHuOop;StatCell;PostflopData;RvDELAY_T_B;Raise delay continuation bet turn and bet river;RvDELAY_T_X;
PostflopHuOop;StatCell;PostflopData;RvDELAY_T_X;Raise delay continuation bet turn and check river;;
PostflopHuOop;StatCell;PostflopData;FvFLOATXRDELAY_R;Check/raise delay continuation bet on turn and check/fold to river bet;CvFLOATXRDELAY_R;
PostflopHuOop;StatCell;PostflopData;CvFLOATXRDELAY_R;Check/raise delay continuation bet on turn and check/call river bet;;
PostflopHuOop;StatCell;PostflopData;FvSDELAY_R;Fold to super delay continuation bet river;CvSDELAY_R;RvSDELAY_R
PostflopHuOop;StatCell;PostflopData;CvSDELAY_R;Call super delay continuation bet river;;
PostflopHuOop;StatCell;PostflopData;RvSDELAY_R;Raise super delay continuation bet river;CvSDELAY_R;
PostflopHuOop;StatCell;PostflopData;DONK_F;Donk bet flop;DONKX_F;
PostflopHuOop;StatCell;PostflopData;DONK_T;Donk bet turn;DONKX_T;
PostflopHuOop;StatCell;PostflopData;DONK_R;Donk bet river;DONKX_R;
PostflopHuOop;StatCell;PostflopData;DONKX_F;Donk check flop;;
PostflopHuOop;StatCell;PostflopData;DONKX_T;Donk check turn;;
PostflopHuOop;StatCell;PostflopData;DONKX_R;Donk check river;;
PostflopHuOop;StatCell;PostflopData;DONK_F_F;Donk bet/fold flop;DONK_C_F;THREEBET_F
PostflopHuOop;StatCell;PostflopData;DONK_F_T;Donk bet/fold turn;DONK_C_T;THREEBET_T
PostflopHuOop;StatCell;PostflopData;DONK_F_R;Donk bet/fold river;DONK_C_R;THREEBET_R
PostflopHuOop;StatCell;PostflopData;DONK_C_F;Donk bet/call flop;;
PostflopHuOop;StatCell;PostflopData;DONK_C_T;Donk bet/call turn;;
PostflopHuOop;StatCell;PostflopData;DONK_C_R;Donk bet/call river;;
PostflopHuOop;StatCell;PostflopData;DONK_F_B;Donk bet flop and bet turn;DONK_F_X;
PostflopHuOop;StatCell;PostflopData;DONK_F_BB;Donk bet flop, bet turn and bet river;DONK_F_BX;
PostflopHuOop;StatCell;PostflopData;DONK_F_X;Donk bet flop and check turn;;
PostflopHuOop;StatCell;PostflopData;DONK_F_BX;Donk bet flop, bet turn and check river;;
PostflopHuOop;StatCell;PostflopData;DONK_F_F_B;Donk bet/call flop and fold to turn bet;DONK_C_F_B;
PostflopHuOop;StatCell;PostflopData;DONK_F_F_BB;Donk bet/call flop, call turn bet and fold to river bet;DONK_C_F_BB;
PostflopHuOop;StatCell;PostflopData;DONK_C_F_B;Donk bet/call flop and call turn bet;;
PostflopHuOop;StatCell;PostflopData;DONK_C_F_BB;Donk bet/call flop, call turn bet and call river bet;;
PostflopHuOop;StatCell;PostflopData;DONK_F_XB;Donk bet flop, check/check turn and bet river;DONK_F_XX;
PostflopHuOop;StatCell;PostflopData;DONK_F_XX;Donk bet flop, check/check turn and check river;;
PostflopHuOop;StatCell;PostflopData;DONK_F_F_XB;Donk bet/call flop, check/check turn and fold to river bet;DONK_C_F_XB;
PostflopHuOop;StatCell;PostflopData;DONK_C_F_XB;Donk bet/call flop, check/check turn and call river bet;;
PostflopHuOop;StatCell;PostflopData;DONK_T_B;Donk bet turn and bet river;DONK_T_X;
PostflopHuOop;StatCell;PostflopData;DONK_T_X;Donk bet turn and check river;;
PostflopHuOop;StatCell;PostflopData;DONK_F_T_B;Donk bet/call turn and fold to river bet;DONK_C_T_B;
PostflopHuOop;StatCell;PostflopData;DONK_C_T_B;Donk bet/call turn and call river bet;;
PostflopHuOop;StatCell;PostflopData;FvFLOATDONK_T;Donk bet flop and fold to turn bet;CvFLOATDONK_T;
PostflopHuOop;StatCell;PostflopData;FvFLOATDONK_R;Donk bet turn and fold to river bet;CvFLOATDONK_R;
PostflopHuOop;StatCell;PostflopData;CvFLOATDONK_T;Donk bet flop and call turn bet;;
PostflopHuOop;StatCell;PostflopData;CvFLOATDONK_R;Donk bet turn and call river bet;;
PostflopHuOop;StatCell;PostflopData;FvFLOATDONK_T_B;Donk bet flop, check/call turn bet and fold to river bet;CvFLOATDONK_T_B;
PostflopHuOop;StatCell;PostflopData;CvFLOATDONK_T_B;Donk bet flop, check/call turn bet and call river bet;;
PostflopHuOop;StatCell;PostflopData;FvDelFLOATDONK_R;Donk bet flop, check/check turn and fold to river bet;CvDelFLOATDONK_R;
PostflopHuOop;StatCell;PostflopData;CvDelFLOATDONK_R;Donk bet flop, check/check turn and call river bet;;
PostflopHuOop;StatCell;PostflopData;FvDblFLOATDONK_R;Donk bet flop, bet turn and check/fold to river bet;CvDblFLOATDONK_R;
PostflopHuOop;StatCell;PostflopData;CvDblFLOATDONK_R;Donk bet flop, bet turn and check/call river bet;;
PostflopHuOop;StatCell;PostflopData;DONKDELAY_R;Check/call delay continuation bet turn and bet river;DONKDELAYX_R;
PostflopHuOop;StatCell;PostflopData;DONKDELAYX_R;Check/call delay continuation bet turn and check river;;
PostflopHuOop;StatCell;PostflopData;DONKDELAY_F_R;Check/call delay continuation bet turn and bet/fold river;DONKDELAY_C_R;THREEBET_R
PostflopHuOop;StatCell;PostflopData;DONKDELAY_C_R;Check/call delay continuation bet turn and bet/call river;;
PostflopHuOop;StatCell;PostflopData;PROBE_T;Probet turn;PROBEX_T;
PostflopHuOop;StatCell;PostflopData;PROBE_R;Probet river;PROBEX_R;
PostflopHuOop;StatCell;PostflopData;PROBEX_T;Probe check turn;;
PostflopHuOop;StatCell;PostflopData;PROBEX_R;Probe check river;;
PostflopHuOop;StatCell;PostflopData;PROBE_T_B;Probet turn and bet river;PROBE_T_X;
PostflopHuOop;StatCell;PostflopData;PROBE_T_X;Probet turn and check river;;
PostflopHuOop;StatCell;PostflopData;PROBE_F_T;Probet/fold turn;PROBE_C_T;THREEBET_T
PostflopHuOop;StatCell;PostflopData;PROBE_F_R;Probet/fold river;PROBE_C_R;THREEBET_R
PostflopHuOop;StatCell;PostflopData;PROBE_C_T;Probet/call turn;;
PostflopHuOop;StatCell;PostflopData;PROBE_C_R;Probet/call river;;
PostflopHuOop;StatCell;PostflopData;PROBE_F_T_B;Probet/call turn and fold to river bet;PROBE_C_T_B;
PostflopHuOop;StatCell;PostflopData;PROBE_C_T_B;Probet/call turn and call river bet;;
PostflopHuOop;StatCell;PostflopData;FvFLOATPROBE_R;Probet turn and fold to river bet;CvFLOATPROBE_R;
PostflopHuOop;StatCell;PostflopData;CvFLOATPROBE_R;Probet turn and call river bet;;
PostflopHuOop;StatCell;PostflopData;SPROBE_R;Super probet river;SPROBEX_R;
PostflopHuOop;StatCell;PostflopData;SPROBEX_R;Super probe check river;;
PostflopHuOop;StatCell;PostflopData;SPROBE_F_R;Super probet/fold river;SPROBE_C_R;THREEBET_R
PostflopHuOop;StatCell;PostflopData;SPROBE_C_R;Super probet/call river;;
PostflopGeneral;StatCell;PostflopData;Bet_F;Bet flop;Check_F;
PostflopGeneral;StatCell;PostflopData;Bet_T;Bet turn;Check_T;
PostflopGeneral;StatCell;PostflopData;Bet_R;Bet river;Check_R;
PostflopGeneral;StatCell;PostflopData;Check_F;Check flop;;
PostflopGeneral;StatCell;PostflopData;Check_T;Check turn;;
PostflopGeneral;StatCell;PostflopData;Check_R;Check river;;
PostflopGeneral;StatCell;PostflopData;FvBet_F;Fold to bet flop;CvBet_F;Raise_F
PostflopGeneral;StatCell;PostflopData;FvBet_T;Fold to bet turn;CvBet_T;Raise_T
PostflopGeneral;StatCell;PostflopData;FvBet_R;Fold to bet river;CvBet_R;Raise_R
PostflopGeneral;StatCell;PostflopData;CvBet_F;Call bet flop;;
PostflopGeneral;StatCell;PostflopData;CvBet_T;Call bet turn;;
PostflopGeneral;StatCell;PostflopData;CvBet_R;Call bet river;;
PostflopGeneral;StatCell;PostflopData;Raise_F;Raise flop;CvBet_F;
PostflopGeneral;StatCell;PostflopData;Raise_T;Raise turn;CvBet_T;
PostflopGeneral;StatCell;PostflopData;Raise_R;Raise river;CvBet_R;
PostflopGeneral;StatCell;PostflopData;FvRaise_F;Fold to raise flop;CvRaise_F;ThreeBet_F
PostflopGeneral;StatCell;PostflopData;FvRaise_T;Fold to raise turn;CvRaise_T;ThreeBet_T
PostflopGeneral;StatCell;PostflopData;FvRaise_R;Fold to raise river;CvRaise_R;ThreeBet_R
PostflopGeneral;StatCell;PostflopData;CvRaise_F;Call raise flop;;
PostflopGeneral;StatCell;PostflopData;CvRaise_T;Call raise turn;;
PostflopGeneral;StatCell;PostflopData;CvRaise_R;Call raise river;;
PostflopGeneral;StatCell;PostflopData;ThreeBet_F;3 bet flop;CvRaise_F;
PostflopGeneral;StatCell;PostflopData;ThreeBet_T;3 bet turn;CvRaise_T;
PostflopGeneral;StatCell;PostflopData;ThreeBet_R;3 bet river;CvRaise_R;
PostflopGeneral;StatCell;PostflopData;FvThreeBet_F;Fold to 3 bet flop;CvThreeBet_F;FourBet_F
PostflopGeneral;StatCell;PostflopData;FvThreeBet_T;Fold to 3 bet turn;CvThreeBet_T;FourBet_T
PostflopGeneral;StatCell;PostflopData;FvThreeBet_R;Fold to 3 bet river;CvThreeBet_R;FourBet_R
PostflopGeneral;StatCell;PostflopData;CvThreeBet_F;Call 3 bet flop;;
PostflopGeneral;StatCell;PostflopData;CvThreeBet_T;Call 3 bet turn;;
PostflopGeneral;StatCell;PostflopData;CvThreeBet_R;Call 3 bet river;;
PostflopGeneral;StatCell;PostflopData;FourBet_F;4 bet flop;CvThreeBet_F;
PostflopGeneral;StatCell;PostflopData;FourBet_T;4 bet turn;CvThreeBet_T;
PostflopGeneral;StatCell;PostflopData;FourBet_R;4 bet river;CvThreeBet_R;
