PanelType;Cell type;Cell data;Bet ranges;Bet type;Name;Description;Connected cell 1 name;Connected cell 2 name
General;ValueCell;;;;Hands;Total hands played;;
General;StatCell;;;;Vpip;Voluntarily put in the pot;;
General;StatCell;;;;Pfr;Preflop raise;;
General;StatCell;;;;AggFq_F;Aggression frequency flop;;
General;StatCell;;;;AggFq_T;Aggression frequency turn;;
General;StatCell;;;;AggFq_R;Aggression frequency river;;
General;StatCell;;;;WentToSd;Went to showdown when saw flop;;
General;StatCell;;;;WonOnSd;Won at showdown;;
General;EvCell;;;;EvBb;EvBb/100 hands;;
PreflopBtn;StatCell;PreflopData;;;Btn_Unopened_Fold;BTN fold (unopened pot);Btn_Unopened_Call;Btn_Unopened_Raise
PreflopBtn;StatCell;PreflopData;;;Btn_Unopened_Call;BTN call (unopened pot);Btn_Unopened_Fold;Btn_Unopened_Raise
PreflopBtn;StatCell;PreflopData;;;Btn_Unopened_Raise;BTN raise (unopened pot);Btn_Unopened_Call;
PreflopBtn;StatCell;PreflopData;;;Btn_Limp_Fold;BTN fold (limp pot);Btn_Limp_Call;Btn_Limp_Raise
PreflopBtn;StatCell;PreflopData;;;Btn_Limp_Call;BTN call (limp pot);Btn_Limp_Fold;Btn_Limp_Raise
PreflopBtn;StatCell;PreflopData;;;Btn_Limp_Raise;BTN raise (limp pot);Btn_Limp_Call;
PreflopBtn;StatCell;PreflopData;;;Btn_Limp_Vs_Ep_Fold;BTN fold (limp pot vs EP);Btn_Limp_Vs_Ep_Call;Btn_Limp_Vs_Ep_Raise
PreflopBtn;StatCell;PreflopData;;;Btn_Limp_Vs_Ep_Call;BTN call (limp pot vs EP);Btn_Limp_Vs_Ep_Fold;Btn_Limp_Vs_Ep_Raise
PreflopBtn;StatCell;PreflopData;;;Btn_Limp_Vs_Ep_Raise;BTN raise (limp pot vs EP);Btn_Limp_Vs_Ep_Call;
PreflopBtn;StatCell;PreflopData;;;Btn_Limp_Vs_Mp_Fold;BTN fold (limp pot vs MP);Btn_Limp_Vs_Mp_Call;Btn_Limp_Vs_Mp_Raise
PreflopBtn;StatCell;PreflopData;;;Btn_Limp_Vs_Mp_Call;BTN call (limp pot vs MP);Btn_Limp_Vs_Mp_Fold;Btn_Limp_Vs_Mp_Raise
PreflopBtn;StatCell;PreflopData;;;Btn_Limp_Vs_Mp_Raise;BTN raise (limp pot vs MP);Btn_Limp_Vs_Mp_Call;
PreflopBtn;StatCell;PreflopData;;;Btn_Limp_Vs_Co_Fold;BTN fold (limp pot vs CO);Btn_Limp_Vs_Co_Call;Btn_Limp_Vs_Co_Raise
PreflopBtn;StatCell;PreflopData;;;Btn_Limp_Vs_Co_Call;BTN call (limp pot vs CO);Btn_Limp_Vs_Co_Fold;Btn_Limp_Vs_Co_Raise
PreflopBtn;StatCell;PreflopData;;;Btn_Limp_Vs_Co_Raise;BTN raise (limp pot vs CO);Btn_Limp_Vs_Co_Call;
PreflopBtn;StatCell;PreflopData;;;Btn_Limp_Vs_Multi_Fold;BTN fold (limp pot multiway);Btn_Limp_Vs_Multi_Call;Btn_Limp_Vs_Multi_Raise
PreflopBtn;StatCell;PreflopData;;;Btn_Limp_Vs_Multi_Call;BTN call (limp pot multiway);Btn_Limp_Vs_Multi_Fold;Btn_Limp_Vs_Multi_Raise
PreflopBtn;StatCell;PreflopData;;;Btn_Limp_Vs_Multi_Raise;BTN raise (limp pot multiway);Btn_Limp_Vs_Multi_Call;
PreflopBtn;StatCell;PreflopData;;;Btn_Raise_Fold;BTN fold (raise pot);Btn_Raise_Call;Btn_Raise_Raise
PreflopBtn;StatCell;PreflopData;;;Btn_Raise_Call;BTN call (raise pot);Btn_Raise_Fold;Btn_Raise_Raise
PreflopBtn;StatCell;PreflopData;;;Btn_Raise_Raise;BTN raise (raise pot);Btn_Raise_Call;
PreflopBtn;StatCell;PreflopData;;;Btn_Raise_Vs_Ep_Fold;BTN fold (raise pot vs EP);Btn_Raise_Vs_Ep_Call;Btn_Raise_Vs_Ep_Raise
PreflopBtn;StatCell;PreflopData;;;Btn_Raise_Vs_Ep_Call;BTN call (raise pot vs EP);Btn_Raise_Vs_Ep_Fold;Btn_Raise_Vs_Ep_Raise
PreflopBtn;StatCell;PreflopData;;;Btn_Raise_Vs_Ep_Raise;BTN raise (raise pot vs EP);Btn_Raise_Vs_Ep_Call;
PreflopBtn;StatCell;PreflopData;;;Btn_Raise_Vs_Mp_Fold;BTN fold (raise pot vs MP);Btn_Raise_Vs_Mp_Call;Btn_Raise_Vs_Mp_Raise
PreflopBtn;StatCell;PreflopData;;;Btn_Raise_Vs_Mp_Call;BTN call (raise pot vs MP);Btn_Raise_Vs_Mp_Fold;Btn_Raise_Vs_Mp_Raise
PreflopBtn;StatCell;PreflopData;;;Btn_Raise_Vs_Mp_Raise;BTN raise (raise pot vs MP);Btn_Raise_Vs_Mp_Call;
PreflopBtn;StatCell;PreflopData;;;Btn_Raise_Vs_Co_Fold;BTN fold (raise pot vs CO);Btn_Raise_Vs_Co_Call;Btn_Raise_Vs_Co_Raise
PreflopBtn;StatCell;PreflopData;;;Btn_Raise_Vs_Co_Call;BTN call (raise pot vs CO);Btn_Raise_Vs_Co_Fold;Btn_Raise_Vs_Co_Raise
PreflopBtn;StatCell;PreflopData;;;Btn_Raise_Vs_Co_Raise;BTN raise (raise pot vs CO);Btn_Raise_Vs_Co_Call;
PreflopBtn;StatCell;PreflopData;;;Btn_Raise_Vs_Multi_Fold;BTN fold (raise pot multiway);Btn_Raise_Vs_Multi_Call;Btn_Raise_Vs_Multi_Raise
PreflopBtn;StatCell;PreflopData;;;Btn_Raise_Vs_Multi_Call;BTN call (raise pot multiway);Btn_Raise_Vs_Multi_Fold;Btn_Raise_Vs_Multi_Raise
PreflopBtn;StatCell;PreflopData;;;Btn_Raise_Vs_Multi_Raise;BTN raise (raise pot multiway);Btn_Raise_Vs_Multi_Call;
PreflopBtn;StatCell;PreflopData;;;Btn_Isolate_CC_Fold;BTN fold (isolate pot as cold caller);Btn_Isolate_CC_Call;Btn_Isolate_CC_Raise
PreflopBtn;StatCell;PreflopData;;;Btn_Isolate_CC_Call;BTN call (isolate pot as cold caller);Btn_Isolate_CC_Fold;Btn_Isolate_CC_Raise
PreflopBtn;StatCell;PreflopData;;;Btn_Isolate_CC_Raise;BTN raise (isolate pot as cold caller);Btn_Isolate_CC_Call;
PreflopBtn;StatCell;PreflopData;;;Btn_Isolate_Limper_Fold;BTN fold (isolate pot as limper);Btn_Isolate_Limper_Call;Btn_Isolate_Limper_Raise
PreflopBtn;StatCell;PreflopData;;;Btn_Isolate_Limper_Call;BTN call (isolate pot as limper);Btn_Isolate_Limper_Fold;Btn_Isolate_Limper_Raise
PreflopBtn;StatCell;PreflopData;;;Btn_Isolate_Limper_Raise;BTN raise (isolate pot as limper);Btn_Isolate_Limper_Call;
PreflopBtn;StatCell;PreflopData;;;Btn_Squeeze_CC_Fold;BTN fold (squeeze pot as cold caller);Btn_Squeeze_CC_Call;Btn_Squeeze_CC_Raise
PreflopBtn;StatCell;PreflopData;;;Btn_Squeeze_CC_Call;BTN call (squeeze pot as cold caller);Btn_Squeeze_CC_Fold;Btn_Squeeze_CC_Raise
PreflopBtn;StatCell;PreflopData;;;Btn_Squeeze_CC_Raise;BTN raise (squeeze pot as cold caller);Btn_Squeeze_CC_Call;
PreflopBtn;StatCell;PreflopData;;;Btn_Squeeze_Raiser_Fold;BTN fold (squeeze pot as raiser);Btn_Squeeze_Raiser_Call;Btn_Squeeze_Raiser_Raise
PreflopBtn;StatCell;PreflopData;;;Btn_Squeeze_Raiser_Call;BTN call (squeeze pot as raiser);Btn_Squeeze_Raiser_Fold;Btn_Squeeze_Raiser_Raise
PreflopBtn;StatCell;PreflopData;;;Btn_Squeeze_Raiser_Raise;BTN raise (squeeze pot as raiser);Btn_Squeeze_Raiser_Call;
PreflopBtn;StatCell;PreflopData;;;Btn_Squeeze_Caller_Fold;BTN fold (squeeze pot as caller);Btn_Squeeze_Caller_Call;Btn_Squeeze_Caller_Raise
PreflopBtn;StatCell;PreflopData;;;Btn_Squeeze_Caller_Call;BTN call (squeeze pot as caller);Btn_Squeeze_Caller_Fold;Btn_Squeeze_Caller_Raise
PreflopBtn;StatCell;PreflopData;;;Btn_Squeeze_Caller_Raise;BTN raise (squeeze pot as caller);Btn_Squeeze_Caller_Call;
PreflopBtn;StatCell;PreflopData;;;Btn_RaiseIsolate_CC_Fold;BTN fold (raise isolate pot as cold caller);Btn_RaiseIsolate_CC_Call;Btn_RaiseIsolate_CC_Raise
PreflopBtn;StatCell;PreflopData;;;Btn_RaiseIsolate_CC_Call;BTN call (raise isolate pot as cold caller);Btn_RaiseIsolate_CC_Fold;Btn_RaiseIsolate_CC_Raise
PreflopBtn;StatCell;PreflopData;;;Btn_RaiseIsolate_CC_Raise;BTN raise (raise isolate pot as cold caller);Btn_RaiseIsolate_CC_Call;
PreflopBtn;StatCell;PreflopData;;;Btn_RaiseIsolate_Raiser_Fold;BTN fold (raise isolate pot as raiser);Btn_RaiseIsolate_Raiser_Call;Btn_RaiseIsolate_Raiser_Raise
PreflopBtn;StatCell;PreflopData;;;Btn_RaiseIsolate_Raiser_Call;BTN call (raise isolate pot as raiser);Btn_RaiseIsolate_Raiser_Fold;Btn_RaiseIsolate_Raiser_Raise
PreflopBtn;StatCell;PreflopData;;;Btn_RaiseIsolate_Raiser_Raise;BTN raise (raise isolate pot as raiser);Btn_RaiseIsolate_Raiser_Call;
PreflopBtn;StatCell;PreflopData;;;Btn_RaiseIsolate_Caller_Fold;BTN fold (raise isolate pot as caller);Btn_RaiseIsolate_Caller_Call;Btn_RaiseIsolate_Caller_Raise
PreflopBtn;StatCell;PreflopData;;;Btn_RaiseIsolate_Caller_Call;BTN call (raise isolate pot as caller);Btn_RaiseIsolate_Caller_Fold;Btn_RaiseIsolate_Caller_Raise
PreflopBtn;StatCell;PreflopData;;;Btn_RaiseIsolate_Caller_Raise;BTN raise (raise isolate pot as caller);Btn_RaiseIsolate_Caller_Call;
PreflopBtn;StatCell;PreflopData;;;Btn_3bet_CC_Fold;BTN fold (3 bet pot as cold caller);Btn_3bet_CC_Call;Btn_3bet_CC_Raise
PreflopBtn;StatCell;PreflopData;;;Btn_3bet_CC_Call;BTN call (3 bet pot as cold caller);Btn_3bet_CC_Fold;Btn_3bet_CC_Raise
PreflopBtn;StatCell;PreflopData;;;Btn_3bet_CC_Raise;BTN raise (3 bet pot as cold caller);Btn_3bet_CC_Call;
PreflopBtn;StatCell;PreflopData;;;Btn_3bet_Raiser_Fold;BTN fold (3 bet pot as raiser);Btn_3bet_Raiser_Call;Btn_3bet_Raiser_Raise
PreflopBtn;StatCell;PreflopData;;;Btn_3bet_Raiser_Call;BTN call (3 bet pot as raiser);Btn_3bet_Raiser_Fold;Btn_3bet_Raiser_Raise
PreflopBtn;StatCell;PreflopData;;;Btn_3bet_Raiser_Raise;BTN raise (3 bet pot as raiser);Btn_3bet_Raiser_Call;
PreflopBtn;StatCell;PreflopData;;;Btn_3bet_Raiser_Vs_Sb_Fold;BTN fold (3 bet pot as raiser vs SB);Btn_3bet_Raiser_Vs_Sb_Call;Btn_3bet_Raiser_Vs_Sb_Raise
PreflopBtn;StatCell;PreflopData;;;Btn_3bet_Raiser_Vs_Sb_Call;BTN call (3 bet pot as raiser vs SB);Btn_3bet_Raiser_Vs_Sb_Fold;Btn_3bet_Raiser_Vs_Sb_Raise
PreflopBtn;StatCell;PreflopData;;;Btn_3bet_Raiser_Vs_Sb_Raise;BTN raise (3 bet pot as raiser vs SB);Btn_3bet_Raiser_Vs_Sb_Call;
PreflopBtn;StatCell;PreflopData;;;Btn_3bet_Raiser_Vs_Bb_Fold;BTN fold (3 bet pot as raiser vs BB);Btn_3bet_Raiser_Vs_Bb_Call;Btn_3bet_Raiser_Vs_Bb_Raise
PreflopBtn;StatCell;PreflopData;;;Btn_3bet_Raiser_Vs_Bb_Call;BTN call (3 bet pot as raiser vs BB);Btn_3bet_Raiser_Vs_Bb_Fold;Btn_3bet_Raiser_Vs_Bb_Raise
PreflopBtn;StatCell;PreflopData;;;Btn_3bet_Raiser_Vs_Bb_Raise;BTN raise (3 bet pot as raiser vs BB);Btn_3bet_Raiser_Vs_Bb_Call;
PreflopBtn;StatCell;PreflopData;;;Btn_3bet_Raiser_Vs_Multi_Fold;BTN fold (3 bet pot as raiser multiway);Btn_3bet_Raiser_Vs_Multi_Call;Btn_3bet_Raiser_Vs_Multi_Raise
PreflopBtn;StatCell;PreflopData;;;Btn_3bet_Raiser_Vs_Multi_Call;BTN call (3 bet pot as raiser multiway);Btn_3bet_Raiser_Vs_Multi_Fold;Btn_3bet_Raiser_Vs_Multi_Raise
PreflopBtn;StatCell;PreflopData;;;Btn_3bet_Raiser_Vs_Multi_Raise;BTN raise (3 bet pot as raiser multiway);Btn_3bet_Raiser_Vs_Multi_Call;
PreflopBtn;StatCell;PreflopData;;;Btn_4bet_Fold;BTN fold (4 bet pot);Btn_4bet_Call;Btn_4bet_Raise
PreflopBtn;StatCell;PreflopData;;;Btn_4bet_Call;BTN call (4 bet pot);Btn_4bet_Fold;Btn_4bet_Raise
PreflopBtn;StatCell;PreflopData;;;Btn_4bet_Raise;BTN raise (4 bet pot);Btn_4bet_Call;
PreflopSb;StatCell;PreflopData;;;Sb_Unopened_Fold;SB fold (unopened pot);Sb_Unopened_Call;Sb_Unopened_Raise
PreflopSb;StatCell;PreflopData;;;Sb_Unopened_Call;SB call (unopened pot);Sb_Unopened_Fold;Sb_Unopened_Raise
PreflopSb;StatCell;PreflopData;;;Sb_Unopened_Raise;SB raise (unopened pot);Sb_Unopened_Call;
PreflopSb;StatCell;PreflopData;;;Sb_Limp_Fold;SB fold (limp pot);Sb_Limp_Call;Sb_Limp_Raise
PreflopSb;StatCell;PreflopData;;;Sb_Limp_Call;SB call (limp pot);Sb_Limp_Fold;Sb_Limp_Raise
PreflopSb;StatCell;PreflopData;;;Sb_Limp_Raise;SB raise (limp pot);Sb_Limp_Call;
PreflopSb;StatCell;PreflopData;;;Sb_Limp_Vs_Ep_Fold;SB fold (limp pot vs EP);Sb_Limp_Vs_Ep_Call;Sb_Limp_Vs_Ep_Raise
PreflopSb;StatCell;PreflopData;;;Sb_Limp_Vs_Ep_Call;SB call (limp pot vs EP);Sb_Limp_Vs_Ep_Fold;Sb_Limp_Vs_Ep_Raise
PreflopSb;StatCell;PreflopData;;;Sb_Limp_Vs_Ep_Raise;SB raise (limp pot vs EP);Sb_Limp_Vs_Ep_Call;
PreflopSb;StatCell;PreflopData;;;Sb_Limp_Vs_Mp_Fold;SB fold (limp pot vs MP);Sb_Limp_Vs_Mp_Call;Sb_Limp_Vs_Mp_Raise
PreflopSb;StatCell;PreflopData;;;Sb_Limp_Vs_Mp_Call;SB call (limp pot vs MP);Sb_Limp_Vs_Mp_Fold;Sb_Limp_Vs_Mp_Raise
PreflopSb;StatCell;PreflopData;;;Sb_Limp_Vs_Mp_Raise;SB raise (limp pot vs MP);Sb_Limp_Vs_Mp_Call;
PreflopSb;StatCell;PreflopData;;;Sb_Limp_Vs_Co_Fold;SB fold (limp pot vs CO);Sb_Limp_Vs_Co_Call;Sb_Limp_Vs_Co_Raise
PreflopSb;StatCell;PreflopData;;;Sb_Limp_Vs_Co_Call;SB call (limp pot vs CO);Sb_Limp_Vs_Co_Fold;Sb_Limp_Vs_Co_Raise
PreflopSb;StatCell;PreflopData;;;Sb_Limp_Vs_Co_Raise;SB raise (limp pot vs CO);Sb_Limp_Vs_Co_Call;
PreflopSb;StatCell;PreflopData;;;Sb_Limp_Vs_Btn_Fold;SB fold (limp pot vs BTN);Sb_Limp_Vs_Btn_Call;Sb_Limp_Vs_Btn_Raise
PreflopSb;StatCell;PreflopData;;;Sb_Limp_Vs_Btn_Call;SB call (limp pot vs BTN);Sb_Limp_Vs_Btn_Fold;Sb_Limp_Vs_Btn_Raise
PreflopSb;StatCell;PreflopData;;;Sb_Limp_Vs_Btn_Raise;SB raise (limp pot vs BTN);Sb_Limp_Vs_Btn_Call;
PreflopSb;StatCell;PreflopData;;;Sb_Limp_Vs_Multi_Fold;SB fold (limp pot multiway);Sb_Limp_Vs_Multi_Call;Sb_Limp_Vs_Multi_Raise
PreflopSb;StatCell;PreflopData;;;Sb_Limp_Vs_Multi_Call;SB call (limp pot multiway);Sb_Limp_Vs_Multi_Fold;Sb_Limp_Vs_Multi_Raise
PreflopSb;StatCell;PreflopData;;;Sb_Limp_Vs_Multi_Raise;SB raise (limp pot multiway);Sb_Limp_Vs_Multi_Call;
PreflopSb;StatCell;PreflopData;;;Sb_Raise_Fold;SB fold (raise pot);Sb_Raise_Call;Sb_Raise_Raise
PreflopSb;StatCell;PreflopData;;;Sb_Raise_Call;SB call (raise pot);Sb_Raise_Fold;Sb_Raise_Raise
PreflopSb;StatCell;PreflopData;;;Sb_Raise_Raise;SB raise (raise pot);Sb_Raise_Call;
PreflopSb;StatCell;PreflopData;;;Sb_Raise_Vs_Ep_Fold;SB fold (raise pot vs EP);Sb_Raise_Vs_Ep_Call;Sb_Raise_Vs_Ep_Raise
PreflopSb;StatCell;PreflopData;;;Sb_Raise_Vs_Ep_Call;SB call (raise pot vs EP);Sb_Raise_Vs_Ep_Fold;Sb_Raise_Vs_Ep_Raise
PreflopSb;StatCell;PreflopData;;;Sb_Raise_Vs_Ep_Raise;SB raise (raise pot vs EP);Sb_Raise_Vs_Ep_Call;
PreflopSb;StatCell;PreflopData;;;Sb_Raise_Vs_Mp_Fold;SB fold (raise pot vs MP);Sb_Raise_Vs_Mp_Call;Sb_Raise_Vs_Mp_Raise
PreflopSb;StatCell;PreflopData;;;Sb_Raise_Vs_Mp_Call;SB call (raise pot vs MP);Sb_Raise_Vs_Mp_Fold;Sb_Raise_Vs_Mp_Raise
PreflopSb;StatCell;PreflopData;;;Sb_Raise_Vs_Mp_Raise;SB raise (raise pot vs MP);Sb_Raise_Vs_Mp_Call;
PreflopSb;StatCell;PreflopData;;;Sb_Raise_Vs_Co_Fold;SB fold (raise pot vs CO);Sb_Raise_Vs_Co_Call;Sb_Raise_Vs_Co_Raise
PreflopSb;StatCell;PreflopData;;;Sb_Raise_Vs_Co_Call;SB call (raise pot vs CO);Sb_Raise_Vs_Co_Fold;Sb_Raise_Vs_Co_Raise
PreflopSb;StatCell;PreflopData;;;Sb_Raise_Vs_Co_Raise;SB raise (raise pot vs CO);Sb_Raise_Vs_Co_Call;
PreflopSb;StatCell;PreflopData;;;Sb_Raise_Vs_Btn_Fold;SB fold (raise pot vs BTN);Sb_Raise_Vs_Btn_Call;Sb_Raise_Vs_Btn_Raise
PreflopSb;StatCell;PreflopData;;;Sb_Raise_Vs_Btn_Call;SB call (raise pot vs BTN);Sb_Raise_Vs_Btn_Fold;Sb_Raise_Vs_Btn_Raise
PreflopSb;StatCell;PreflopData;;;Sb_Raise_Vs_Btn_Raise;SB raise (raise pot vs BTN);Sb_Raise_Vs_Btn_Call;
PreflopSb;StatCell;PreflopData;;;Sb_Raise_Vs_Multi_Fold;SB fold (raise pot multiway);Sb_Raise_Vs_Multi_Call;Sb_Raise_Vs_Multi_Raise
PreflopSb;StatCell;PreflopData;;;Sb_Raise_Vs_Multi_Call;SB call (raise pot multiway);Sb_Raise_Vs_Multi_Fold;Sb_Raise_Vs_Multi_Raise
PreflopSb;StatCell;PreflopData;;;Sb_Raise_Vs_Multi_Raise;SB raise (raise pot multiway);Sb_Raise_Vs_Multi_Call;
PreflopSb;StatCell;PreflopData;;;Sb_Isolate_CC_Fold;SB fold (isolate pot as cold caller);Sb_Isolate_CC_Call;Sb_Isolate_CC_Raise
PreflopSb;StatCell;PreflopData;;;Sb_Isolate_CC_Call;SB call (isolate pot as cold caller);Sb_Isolate_CC_Fold;Sb_Isolate_CC_Raise
PreflopSb;StatCell;PreflopData;;;Sb_Isolate_CC_Raise;SB raise (isolate pot as cold caller);Sb_Isolate_CC_Call;
PreflopSb;StatCell;PreflopData;;;Sb_Isolate_Limper_Fold;SB fold (isolate pot as limper);Sb_Isolate_Limper_Call;Sb_Isolate_Limper_Raise
PreflopSb;StatCell;PreflopData;;;Sb_Isolate_Limper_Call;SB call (isolate pot as limper);Sb_Isolate_Limper_Fold;Sb_Isolate_Limper_Raise
PreflopSb;StatCell;PreflopData;;;Sb_Isolate_Limper_Raise;SB raise (isolate pot as limper);Sb_Isolate_Limper_Call;
PreflopSb;StatCell;PreflopData;;;Sb_Isolate_Limper_Vs_Bb_Fold;SB fold (isolate pot as limper vs BB);Sb_Isolate_Limper_Vs_Bb_Call;Sb_Isolate_Limper_Vs_Bb_Raise
PreflopSb;StatCell;PreflopData;;;Sb_Isolate_Limper_Vs_Bb_Call;SB call (isolate pot as limper vs BB);Sb_Isolate_Limper_Vs_Bb_Fold;Sb_Isolate_Limper_Vs_Bb_Raise
PreflopSb;StatCell;PreflopData;;;Sb_Isolate_Limper_Vs_Bb_Raise;SB raise (isolate pot as limper vs BB);Sb_Isolate_Limper_Vs_Bb_Call;
PreflopSb;StatCell;PreflopData;;;Sb_Squeeze_CC_Fold;SB fold (squeeze pot as cold caller);Sb_Squeeze_CC_Call;Sb_Squeeze_CC_Raise
PreflopSb;StatCell;PreflopData;;;Sb_Squeeze_CC_Call;SB call (squeeze pot as cold caller);Sb_Squeeze_CC_Fold;Sb_Squeeze_CC_Raise
PreflopSb;StatCell;PreflopData;;;Sb_Squeeze_CC_Raise;SB raise (squeeze pot as cold caller);Sb_Squeeze_CC_Call;
PreflopSb;StatCell;PreflopData;;;Sb_Squeeze_Caller_Fold;SB fold (squeeze pot as caller);Sb_Squeeze_Caller_Call;Sb_Squeeze_Caller_Raise
PreflopSb;StatCell;PreflopData;;;Sb_Squeeze_Caller_Call;SB call (squeeze pot as caller);Sb_Squeeze_Caller_Fold;Sb_Squeeze_Caller_Raise
PreflopSb;StatCell;PreflopData;;;Sb_Squeeze_Caller_Raise;SB raise (squeeze pot as caller);Sb_Squeeze_Caller_Call;
PreflopSb;StatCell;PreflopData;;;Sb_RaiseIsolate_CC_Fold;SB fold (raise isolate pot as cold caller);Sb_RaiseIsolate_CC_Call;Sb_RaiseIsolate_CC_Raise
PreflopSb;StatCell;PreflopData;;;Sb_RaiseIsolate_CC_Call;SB call (raise isolate pot as cold caller);Sb_RaiseIsolate_CC_Fold;Sb_RaiseIsolate_CC_Raise
PreflopSb;StatCell;PreflopData;;;Sb_RaiseIsolate_CC_Raise;SB raise (raise isolate pot as cold caller);Sb_RaiseIsolate_CC_Call;
PreflopSb;StatCell;PreflopData;;;Sb_RaiseIsolate_Raiser_Fold;SB fold (raise isolate pot as raiser);Sb_RaiseIsolate_Raiser_Call;Sb_RaiseIsolate_Raiser_Raise
PreflopSb;StatCell;PreflopData;;;Sb_RaiseIsolate_Raiser_Call;SB call (raise isolate pot as raiser);Sb_RaiseIsolate_Raiser_Fold;Sb_RaiseIsolate_Raiser_Raise
PreflopSb;StatCell;PreflopData;;;Sb_RaiseIsolate_Raiser_Raise;SB raise (raise isolate pot as raiser);Sb_RaiseIsolate_Raiser_Call;
PreflopSb;StatCell;PreflopData;;;Sb_RaiseIsolate_Caller_Fold;SB fold (raise isolate pot as caller);Sb_RaiseIsolate_Caller_Call;Sb_RaiseIsolate_Caller_Raise
PreflopSb;StatCell;PreflopData;;;Sb_RaiseIsolate_Caller_Call;SB call (raise isolate pot as caller);Sb_RaiseIsolate_Caller_Fold;Sb_RaiseIsolate_Caller_Raise
PreflopSb;StatCell;PreflopData;;;Sb_RaiseIsolate_Caller_Raise;SB raise (raise isolate pot as caller);Sb_RaiseIsolate_Caller_Call;
PreflopSb;StatCell;PreflopData;;;Sb_3bet_CC_Fold;SB fold (3 bet pot as cold caller);Sb_3bet_CC_Call;Sb_3bet_CC_Raise
PreflopSb;StatCell;PreflopData;;;Sb_3bet_CC_Call;SB call (3 bet pot as cold caller);Sb_3bet_CC_Fold;Sb_3bet_CC_Raise
PreflopSb;StatCell;PreflopData;;;Sb_3bet_CC_Raise;SB raise (3 bet pot as cold caller);Sb_3bet_CC_Call;
PreflopSb;StatCell;PreflopData;;;Sb_3bet_Raiser_Vs_Bb_Fold;SB fold (3 bet pot as raiser vs BB);Sb_3bet_Raiser_Vs_Bb_Call;Sb_3bet_Raiser_Vs_Bb_Raise
PreflopSb;StatCell;PreflopData;;;Sb_3bet_Raiser_Vs_Bb_Call;SB call (3 bet pot as raiser vs BB);Sb_3bet_Raiser_Vs_Bb_Fold;Sb_3bet_Raiser_Vs_Bb_Raise
PreflopSb;StatCell;PreflopData;;;Sb_3bet_Raiser_Vs_Bb_Raise;SB raise (3 bet pot as raiser vs BB);Sb_3bet_Raiser_Vs_Bb_Call;
PreflopSb;StatCell;PreflopData;;;Sb_4bet_Fold;SB fold (4 bet pot);Sb_4bet_Call;Sb_4bet_Raise
PreflopSb;StatCell;PreflopData;;;Sb_4bet_Call;SB call (4 bet pot);Sb_4bet_Fold;Sb_4bet_Raise
PreflopSb;StatCell;PreflopData;;;Sb_4bet_Raise;SB raise (4 bet pot);Sb_4bet_Call;
PreflopSb;StatCell;PreflopData;;;Sb_4bet_Vs_Bb_Fold;SB fold (4 bet pot vs BB);Sb_4bet_Vs_Bb_Call;Sb_4bet_Vs_Bb_Raise
PreflopSb;StatCell;PreflopData;;;Sb_4bet_Vs_Bb_Call;SB call (4 bet pot vs BB);Sb_4bet_Vs_Bb_Fold;Sb_4bet_Vs_Bb_Raise
PreflopSb;StatCell;PreflopData;;;Sb_4bet_Vs_Bb_Raise;SB raise (4 bet pot vs BB);Sb_4bet_Vs_Bb_Call;
PreflopBb;StatCell;PreflopData;;;Bb_Limp_Check;BB check (limp pot);Bb_Limp_Raise;
PreflopBb;StatCell;PreflopData;;;Bb_Limp_Raise;BB raise (limp pot);Bb_Limp_Check;
PreflopBb;StatCell;PreflopData;;;Bb_Limp_Vs_Ep_Check;BB check (limp pot vs EP);Bb_Limp_Vs_Ep_Raise;
PreflopBb;StatCell;PreflopData;;;Bb_Limp_Vs_Ep_Raise;BB raise (limp pot vs EP);Bb_Limp_Vs_Ep_Check;
PreflopBb;StatCell;PreflopData;;;Bb_Limp_Vs_Mp_Check;BB check (limp pot vs MP);Bb_Limp_Vs_Mp_Raise;
PreflopBb;StatCell;PreflopData;;;Bb_Limp_Vs_Mp_Raise;BB raise (limp pot vs MP);Bb_Limp_Vs_Mp_Check;
PreflopBb;StatCell;PreflopData;;;Bb_Limp_Vs_Co_Check;BB check (limp pot vs CO);Bb_Limp_Vs_Co_Raise;
PreflopBb;StatCell;PreflopData;;;Bb_Limp_Vs_Co_Raise;BB raise (limp pot vs CO);Bb_Limp_Vs_Co_Check;
PreflopBb;StatCell;PreflopData;;;Bb_Limp_Vs_Btn_Check;BB check (limp pot vs BTN);Bb_Limp_Vs_Btn_Raise;
PreflopBb;StatCell;PreflopData;;;Bb_Limp_Vs_Btn_Raise;BB raise (limp pot vs BTN);Bb_Limp_Vs_Btn_Check;
PreflopBb;StatCell;PreflopData;;;Bb_Limp_Vs_Sb_Check;BB check (limp pot vs SB);Bb_Limp_Vs_Sb_Raise;
PreflopBb;StatCell;PreflopData;;;Bb_Limp_Vs_Sb_Raise;BB raise (limp pot vs SB);Bb_Limp_Vs_Sb_Check;
PreflopBb;StatCell;PreflopData;;;Bb_Limp_Vs_Multi_Check;BB check (limp pot multiway);Bb_Limp_Vs_Multi_Raise;
PreflopBb;StatCell;PreflopData;;;Bb_Limp_Vs_Multi_Raise;BB raise (limp pot multiway);Bb_Limp_Vs_Multi_Check;
PreflopBb;StatCell;PreflopData;;;Bb_Raise_Fold;BB fold (raise pot);Bb_Raise_Call;Bb_Raise_Raise
PreflopBb;StatCell;PreflopData;;;Bb_Raise_Call;BB call (raise pot);Bb_Raise_Fold;Bb_Raise_Raise
PreflopBb;StatCell;PreflopData;;;Bb_Raise_Raise;BB raise (raise pot);Bb_Raise_Call;
PreflopBb;StatCell;PreflopData;;;Bb_Raise_Vs_Ep_Fold;BB fold (raise pot vs EP);Bb_Raise_Vs_Ep_Call;Bb_Raise_Vs_Ep_Raise
PreflopBb;StatCell;PreflopData;;;Bb_Raise_Vs_Ep_Call;BB call (raise pot vs EP);Bb_Raise_Vs_Ep_Fold;Bb_Raise_Vs_Ep_Raise
PreflopBb;StatCell;PreflopData;;;Bb_Raise_Vs_Ep_Raise;BB raise (raise pot vs EP);Bb_Raise_Vs_Ep_Call;
PreflopBb;StatCell;PreflopData;;;Bb_Raise_Vs_Mp_Fold;BB fold (raise pot vs MP);Bb_Raise_Vs_Mp_Call;Bb_Raise_Vs_Mp_Raise
PreflopBb;StatCell;PreflopData;;;Bb_Raise_Vs_Mp_Call;BB call (raise pot vs MP);Bb_Raise_Vs_Mp_Fold;Bb_Raise_Vs_Mp_Raise
PreflopBb;StatCell;PreflopData;;;Bb_Raise_Vs_Mp_Raise;BB raise (raise pot vs MP);Bb_Raise_Vs_Mp_Call;
PreflopBb;StatCell;PreflopData;;;Bb_Raise_Vs_Co_Fold;BB fold (raise pot vs CO);Bb_Raise_Vs_Co_Call;Bb_Raise_Vs_Co_Raise
PreflopBb;StatCell;PreflopData;;;Bb_Raise_Vs_Co_Call;BB call (raise pot vs CO);Bb_Raise_Vs_Co_Fold;Bb_Raise_Vs_Co_Raise
PreflopBb;StatCell;PreflopData;;;Bb_Raise_Vs_Co_Raise;BB raise (raise pot vs CO);Bb_Raise_Vs_Co_Call;
PreflopBb;StatCell;PreflopData;;;Bb_Raise_Vs_Btn_Fold;BB fold (raise pot vs BTN);Bb_Raise_Vs_Btn_Call;Bb_Raise_Vs_Btn_Raise
PreflopBb;StatCell;PreflopData;;;Bb_Raise_Vs_Btn_Call;BB call (raise pot vs BTN);Bb_Raise_Vs_Btn_Fold;Bb_Raise_Vs_Btn_Raise
PreflopBb;StatCell;PreflopData;;;Bb_Raise_Vs_Btn_Raise;BB raise (raise pot vs BTN);Bb_Raise_Vs_Btn_Call;
PreflopBb;StatCell;PreflopData;;;Bb_Raise_Vs_Sb_Fold;BB fold (raise pot vs SB);Bb_Raise_Vs_Sb_Call;Bb_Raise_Vs_Sb_Raise
PreflopBb;StatCell;PreflopData;;;Bb_Raise_Vs_Sb_Call;BB call (raise pot vs SB);Bb_Raise_Vs_Sb_Fold;Bb_Raise_Vs_Sb_Raise
PreflopBb;StatCell;PreflopData;;;Bb_Raise_Vs_Sb_Raise;BB raise (raise pot vs SB);Bb_Raise_Vs_Sb_Call;
PreflopBb;StatCell;PreflopData;;;Bb_Raise_Vs_Multi_Fold;BB fold (raise pot multiway);Bb_Raise_Vs_Multi_Call;Bb_Raise_Vs_Multi_Raise
PreflopBb;StatCell;PreflopData;;;Bb_Raise_Vs_Multi_Call;BB call (raise pot multiway);Bb_Raise_Vs_Multi_Fold;Bb_Raise_Vs_Multi_Raise
PreflopBb;StatCell;PreflopData;;;Bb_Raise_Vs_Multi_Raise;BB raise (raise pot multiway);Bb_Raise_Vs_Multi_Call;
PreflopBb;StatCell;PreflopData;;;Bb_Isolate_CC_Fold;BB fold (isolate pot as cold caller);Bb_Isolate_CC_Call;Bb_Isolate_CC_Raise
PreflopBb;StatCell;PreflopData;;;Bb_Isolate_CC_Call;BB call (isolate pot as cold caller);Bb_Isolate_CC_Fold;Bb_Isolate_CC_Raise
PreflopBb;StatCell;PreflopData;;;Bb_Isolate_CC_Raise;BB raise (isolate pot as cold caller);Bb_Isolate_CC_Call;
PreflopBb;StatCell;PreflopData;;;Bb_Squeeze_CC_Fold;BB fold (squeeze pot as cold caller);Bb_Squeeze_CC_Call;Bb_Squeeze_CC_Raise
PreflopBb;StatCell;PreflopData;;;Bb_Squeeze_CC_Call;BB call (squeeze pot as cold caller);Bb_Squeeze_CC_Fold;Bb_Squeeze_CC_Raise
PreflopBb;StatCell;PreflopData;;;Bb_Squeeze_CC_Raise;BB raise (squeeze pot as cold caller);Bb_Squeeze_CC_Call;
PreflopBb;StatCell;PreflopData;;;Bb_RaiseIsolate_CC_Fold;BB fold (raise isolate pot as cold caller);Bb_RaiseIsolate_CC_Call;Bb_RaiseIsolate_CC_Raise
PreflopBb;StatCell;PreflopData;;;Bb_RaiseIsolate_CC_Call;BB call (raise isolate pot as cold caller);Bb_RaiseIsolate_CC_Fold;Bb_RaiseIsolate_CC_Raise
PreflopBb;StatCell;PreflopData;;;Bb_RaiseIsolate_CC_Raise;BB raise (raise isolate pot as cold caller);Bb_RaiseIsolate_CC_Call;
PreflopBb;StatCell;PreflopData;;;Bb_RaiseIsolate_Raiser_Fold;BB fold (raise isolate pot as raiser);Bb_RaiseIsolate_Raiser_Call;Bb_RaiseIsolate_Raiser_Raise
PreflopBb;StatCell;PreflopData;;;Bb_RaiseIsolate_Raiser_Call;BB call (raise isolate pot as raiser);Bb_RaiseIsolate_Raiser_Fold;Bb_RaiseIsolate_Raiser_Raise
PreflopBb;StatCell;PreflopData;;;Bb_RaiseIsolate_Raiser_Raise;BB raise (raise isolate pot as raiser);Bb_RaiseIsolate_Raiser_Call;
PreflopSb;StatCell;PreflopData;;;Bb_RaiseIsolate_Caller_Fold;BB fold (raise isolate pot as caller);Bb_RaiseIsolate_Caller_Call;Bb_RaiseIsolate_Caller_Raise
PreflopSb;StatCell;PreflopData;;;Bb_RaiseIsolate_Caller_Call;BB call (raise isolate pot as caller);Bb_RaiseIsolate_Caller_Fold;Bb_RaiseIsolate_Caller_Raise
PreflopSb;StatCell;PreflopData;;;Bb_RaiseIsolate_Caller_Raise;BB raise (raise isolate pot as caller);Bb_RaiseIsolate_Caller_Call;
PreflopBb;StatCell;PreflopData;;;Bb_RaiseIsolate_Vs_Sb_Fold;BB fold (raise isolate pot vs SB);Bb_RaiseIsolate_Vs_Sb_Call;Bb_RaiseIsolate_Vs_Sb_Raise
PreflopBb;StatCell;PreflopData;;;Bb_RaiseIsolate_Vs_Sb_Call;BB call (raise isolate pot vs SB);Bb_RaiseIsolate_Vs_Sb_Fold;Bb_RaiseIsolate_Vs_Sb_Raise
PreflopBb;StatCell;PreflopData;;;Bb_RaiseIsolate_Vs_Sb_Raise;BB raise (raise isolate pot vs SB);Bb_RaiseIsolate_Vs_Sb_Call;
PreflopBb;StatCell;PreflopData;;;Bb_3bet_CC_Fold;BB fold (3 bet pot as cold caller);Bb_3bet_CC_Call;Bb_3bet_CC_Raise
PreflopBb;StatCell;PreflopData;;;Bb_3bet_CC_Call;BB call (3 bet pot as cold caller);Bb_3bet_CC_Fold;Bb_3bet_CC_Raise
PreflopBb;StatCell;PreflopData;;;Bb_3bet_CC_Raise;BB raise (3 bet pot as cold caller);Bb_3bet_CC_Call;
PreflopBb;StatCell;PreflopData;;;Bb_4bet_Fold;BB fold (4 bet pot);Bb_4bet_Call;Bb_4bet_Raise
PreflopBb;StatCell;PreflopData;;;Bb_4bet_Call;BB call (4 bet pot);Bb_4bet_Fold;Bb_4bet_Raise
PreflopBb;StatCell;PreflopData;;;Bb_4bet_Raise;BB raise (4 bet pot);Bb_4bet_Call;
PreflopBb;StatCell;PreflopData;;;Bb_4bet_Vs_Sb_Fold;BB fold (4 bet pot vs SB);Bb_4bet_Vs_Sb_Call;Bb_4bet_Vs_Sb_Raise
PreflopBb;StatCell;PreflopData;;;Bb_4bet_Vs_Sb_Call;BB call (4 bet pot vs SB);Bb_4bet_Vs_Sb_Fold;Bb_4bet_Vs_Sb_Raise
PreflopBb;StatCell;PreflopData;;;Bb_4bet_Vs_Sb_Raise;BB raise (4 bet pot vs SB);Bb_4bet_Vs_Sb_Call;
PreflopEp;StatCell;PreflopData;;;Ep_Unopened_Fold;EP fold (unopened pot);Ep_Unopened_Call;Ep_Unopened_Raise
PreflopEp;StatCell;PreflopData;;;Ep_Unopened_Call;EP call (unopened pot);Ep_Unopened_Fold;Ep_Unopened_Raise
PreflopEp;StatCell;PreflopData;;;Ep_Unopened_Raise;EP raise (unopened pot);Ep_Unopened_Call;
PreflopEp;StatCell;PreflopData;;;Ep_Isolate_Limper_Fold;EP fold (isolate pot as limper);Ep_Isolate_Limper_Call;Ep_Isolate_Limper_Raise
PreflopEp;StatCell;PreflopData;;;Ep_Isolate_Limper_Call;EP call (isolate pot as limper);Ep_Isolate_Limper_Fold;Ep_Isolate_Limper_Raise
PreflopEp;StatCell;PreflopData;;;Ep_Isolate_Limper_Raise;EP raise (isolate pot as limper);Ep_Isolate_Limper_Call;
PreflopEp;StatCell;PreflopData;;;Ep_Squeeze_Raiser_Fold;EP fold (squeeze pot as raiser);Ep_Squeeze_Raiser_Call;Ep_Squeeze_Raiser_Raise
PreflopEp;StatCell;PreflopData;;;Ep_Squeeze_Raiser_Call;EP call (squeeze pot as raiser);Ep_Squeeze_Raiser_Fold;Ep_Squeeze_Raiser_Raise
PreflopEp;StatCell;PreflopData;;;Ep_Squeeze_Raiser_Raise;EP raise (squeeze pot as raiser);Ep_Squeeze_Raiser_Call;
PreflopEp;StatCell;PreflopData;;;Ep_RaiseIsolate_Caller_Fold;EP fold (raise isolate pot as caller);Ep_RaiseIsolate_Caller_Call;Ep_RaiseIsolate_Caller_Raise
PreflopEp;StatCell;PreflopData;;;Ep_RaiseIsolate_Caller_Call;EP call (raise isolate pot as caller);Ep_RaiseIsolate_Caller_Fold;Ep_RaiseIsolate_Caller_Raise
PreflopEp;StatCell;PreflopData;;;Ep_RaiseIsolate_Caller_Raise;EP raise (raise isolate pot as caller);Ep_RaiseIsolate_Caller_Call;
PreflopEp;StatCell;PreflopData;;;Ep_3bet_Raiser_Fold;EP fold (3 bet pot as raiser);Ep_3bet_Raiser_Call;Ep_3bet_Raiser_Raise
PreflopEp;StatCell;PreflopData;;;Ep_3bet_Raiser_Call;EP call (3 bet pot as raiser);Ep_3bet_Raiser_Fold;Ep_3bet_Raiser_Raise
PreflopEp;StatCell;PreflopData;;;Ep_3bet_Raiser_Raise;EP raise (3 bet pot as raiser);Ep_3bet_Raiser_Call;
PreflopEp;StatCell;PreflopData;;;Ep_3bet_Raiser_Vs_Mp_Fold;EP fold (3 bet pot as raiser vs MP);Ep_3bet_Raiser_Vs_Mp_Call;Ep_3bet_Raiser_Vs_Mp_Raise
PreflopEp;StatCell;PreflopData;;;Ep_3bet_Raiser_Vs_Mp_Call;EP call (3 bet pot as raiser vs MP);Ep_3bet_Raiser_Vs_Mp_Fold;Ep_3bet_Raiser_Vs_Mp_Raise
PreflopEp;StatCell;PreflopData;;;Ep_3bet_Raiser_Vs_Mp_Raise;EP raise (3 bet pot as raiser vs MP);Ep_3bet_Raiser_Vs_Mp_Call;
PreflopEp;StatCell;PreflopData;;;Ep_3bet_Raiser_Vs_Co_Fold;EP fold (3 bet pot as raiser vs CO);Ep_3bet_Raiser_Vs_Co_Call;Ep_3bet_Raiser_Vs_Co_Raise
PreflopEp;StatCell;PreflopData;;;Ep_3bet_Raiser_Vs_Co_Call;EP call (3 bet pot as raiser vs CO);Ep_3bet_Raiser_Vs_Co_Fold;Ep_3bet_Raiser_Vs_Co_Raise
PreflopEp;StatCell;PreflopData;;;Ep_3bet_Raiser_Vs_Co_Raise;EP raise (3 bet pot as raiser vs CO);Ep_3bet_Raiser_Vs_Co_Call;
PreflopEp;StatCell;PreflopData;;;Ep_3bet_Raiser_Vs_Btn_Fold;EP fold (3 bet pot as raiser vs BTN);Ep_3bet_Raiser_Vs_Btn_Call;Ep_3bet_Raiser_Vs_Btn_Raise
PreflopEp;StatCell;PreflopData;;;Ep_3bet_Raiser_Vs_Btn_Call;EP call (3 bet pot as raiser vs BTN);Ep_3bet_Raiser_Vs_Btn_Fold;Ep_3bet_Raiser_Vs_Btn_Raise
PreflopEp;StatCell;PreflopData;;;Ep_3bet_Raiser_Vs_Btn_Raise;EP raise (3 bet pot as raiser vs BTN);Ep_3bet_Raiser_Vs_Btn_Call;
PreflopEp;StatCell;PreflopData;;;Ep_3bet_Raiser_Vs_Sb_Fold;EP fold (3 bet pot as raiser vs SB);Ep_3bet_Raiser_Vs_Sb_Call;Ep_3bet_Raiser_Vs_Sb_Raise
PreflopEp;StatCell;PreflopData;;;Ep_3bet_Raiser_Vs_Sb_Call;EP call (3 bet pot as raiser vs SB);Ep_3bet_Raiser_Vs_Sb_Fold;Ep_3bet_Raiser_Vs_Sb_Raise
PreflopEp;StatCell;PreflopData;;;Ep_3bet_Raiser_Vs_Sb_Raise;EP raise (3 bet pot as raiser vs SB);Ep_3bet_Raiser_Vs_Sb_Call;
PreflopEp;StatCell;PreflopData;;;Ep_3bet_Raiser_Vs_Bb_Fold;EP fold (3 bet pot as raiser vs BB);Ep_3bet_Raiser_Vs_Bb_Call;Ep_3bet_Raiser_Vs_Bb_Raise
PreflopEp;StatCell;PreflopData;;;Ep_3bet_Raiser_Vs_Bb_Call;EP call (3 bet pot as raiser vs BB);Ep_3bet_Raiser_Vs_Bb_Fold;Ep_3bet_Raiser_Vs_Bb_Raise
PreflopEp;StatCell;PreflopData;;;Ep_3bet_Raiser_Vs_Bb_Raise;EP raise (3 bet pot as raiser vs BB);Ep_3bet_Raiser_Vs_Bb_Call;
PreflopEp;StatCell;PreflopData;;;Ep_3bet_Raiser_Vs_Multi_Fold;EP fold (3 bet pot as raiser multiway);Ep_3bet_Raiser_Vs_Multi_Call;Ep_3bet_Raiser_Vs_Multi_Raise
PreflopEp;StatCell;PreflopData;;;Ep_3bet_Raiser_Vs_Multi_Call;EP call (3 bet pot as raiser multiway);Ep_3bet_Raiser_Vs_Multi_Fold;Ep_3bet_Raiser_Vs_Multi_Raise
PreflopEp;StatCell;PreflopData;;;Ep_3bet_Raiser_Vs_Multi_Raise;EP raise (3 bet pot as raiser multiway);Ep_3bet_Raiser_Vs_Multi_Call;
PreflopEp;StatCell;PreflopData;;;Ep_4bet_Fold;EP fold (4 bet pot);Ep_4bet_Call;Ep_4bet_Raise
PreflopEp;StatCell;PreflopData;;;Ep_4bet_Call;EP call (4 bet pot);Ep_4bet_Fold;Ep_4bet_Raise
PreflopEp;StatCell;PreflopData;;;Ep_4bet_Raise;EP raise (4 bet pot);Ep_4bet_Call;
PreflopMp;StatCell;PreflopData;;;Mp_Unopened_Fold;MP fold (unopened pot);Mp_Unopened_Call;Mp_Unopened_Raise
PreflopMp;StatCell;PreflopData;;;Mp_Unopened_Call;MP call (unopened pot);Mp_Unopened_Fold;Mp_Unopened_Raise
PreflopMp;StatCell;PreflopData;;;Mp_Unopened_Raise;MP raise (unopened pot);Mp_Unopened_Call;
PreflopMp;StatCell;PreflopData;;;Mp_Limp_Vs_Ep_Fold;MP fold (limp pot);Mp_Limp_Vs_Ep_Call;Mp_Limp_Vs_Ep_Raise
PreflopMp;StatCell;PreflopData;;;Mp_Limp_Vs_Ep_Call;MP call (limp pot);Mp_Limp_Vs_Ep_Fold;Mp_Limp_Vs_Ep_Raise
PreflopMp;StatCell;PreflopData;;;Mp_Limp_Vs_Ep_Raise;MP raise (limp pot);Mp_Limp_Vs_Ep_Call;
PreflopMp;StatCell;PreflopData;;;Mp_Raise_Vs_Ep_Fold;MP fold (raise pot);Mp_Raise_Vs_Ep_Call;Mp_Raise_Vs_Ep_Raise
PreflopMp;StatCell;PreflopData;;;Mp_Raise_Vs_Ep_Call;MP call (raise pot);Mp_Raise_Vs_Ep_Fold;Mp_Raise_Vs_Ep_Raise
PreflopMp;StatCell;PreflopData;;;Mp_Raise_Vs_Ep_Raise;MP raise (raise pot);Mp_Raise_Vs_Ep_Call;
PreflopMp;StatCell;PreflopData;;;Mp_Isolate_Limper_Fold;MP fold (isolate pot as limper);Mp_Isolate_Limper_Call;Mp_Isolate_Limper_Raise
PreflopMp;StatCell;PreflopData;;;Mp_Isolate_Limper_Call;MP call (isolate pot as limper);Mp_Isolate_Limper_Fold;Mp_Isolate_Limper_Raise
PreflopMp;StatCell;PreflopData;;;Mp_Isolate_Limper_Raise;MP raise (isolate pot as limper);Mp_Isolate_Limper_Call;
PreflopMp;StatCell;PreflopData;;;Mp_Squeeze_Raiser_Fold;MP fold (squeeze pot as raiser);Mp_Squeeze_Raiser_Call;Mp_Squeeze_Raiser_Raise
PreflopMp;StatCell;PreflopData;;;Mp_Squeeze_Raiser_Call;MP call (squeeze pot as raiser);Mp_Squeeze_Raiser_Fold;Mp_Squeeze_Raiser_Raise
PreflopMp;StatCell;PreflopData;;;Mp_Squeeze_Raiser_Raise;MP raise (squeeze pot as raiser);Mp_Squeeze_Raiser_Call;
PreflopMp;StatCell;PreflopData;;;Mp_Squeeze_Caller_Fold;MP fold (squeeze pot as caller);Mp_Squeeze_Caller_Call;Mp_Squeeze_Caller_Raise
PreflopMp;StatCell;PreflopData;;;Mp_Squeeze_Caller_Call;MP call (squeeze pot as caller);Mp_Squeeze_Caller_Fold;Mp_Squeeze_Caller_Raise
PreflopMp;StatCell;PreflopData;;;Mp_Squeeze_Caller_Raise;MP raise (squeeze pot as caller);Mp_Squeeze_Caller_Call;
PreflopMp;StatCell;PreflopData;;;Mp_RaiseIsolate_Raiser_Fold;MP fold (raise isolate pot as raiser);Mp_RaiseIsolate_Raiser_Call;Mp_RaiseIsolate_Raiser_Raise
PreflopMp;StatCell;PreflopData;;;Mp_RaiseIsolate_Raiser_Call;MP call (raise isolate pot as raiser);Mp_RaiseIsolate_Raiser_Fold;Mp_RaiseIsolate_Raiser_Raise
PreflopMp;StatCell;PreflopData;;;Mp_RaiseIsolate_Raiser_Raise;MP raise (raise isolate pot as raiser);Mp_RaiseIsolate_Raiser_Call;
PreflopMp;StatCell;PreflopData;;;Mp_RaiseIsolate_Caller_Fold;MP fold (raise isolate pot as caller);Mp_RaiseIsolate_Caller_Call;Mp_RaiseIsolate_Caller_Raise
PreflopMp;StatCell;PreflopData;;;Mp_RaiseIsolate_Caller_Call;MP call (raise isolate pot as caller);Mp_RaiseIsolate_Caller_Fold;Mp_RaiseIsolate_Caller_Raise
PreflopMp;StatCell;PreflopData;;;Mp_RaiseIsolate_Caller_Raise;MP raise (raise isolate pot as caller);Mp_RaiseIsolate_Caller_Call;
PreflopMp;StatCell;PreflopData;;;Mp_3bet_Raiser_Fold;MP fold (3 bet pot as raiser);Mp_3bet_Raiser_Call;Mp_3bet_Raiser_Raise
PreflopMp;StatCell;PreflopData;;;Mp_3bet_Raiser_Call;MP call (3 bet pot as raiser);Mp_3bet_Raiser_Fold;Mp_3bet_Raiser_Raise
PreflopMp;StatCell;PreflopData;;;Mp_3bet_Raiser_Raise;MP raise (3 bet pot as raiser);Mp_3bet_Raiser_Call;
PreflopMp;StatCell;PreflopData;;;Mp_3bet_Raiser_Vs_Co_Fold;MP fold (3 bet pot as raiser vs CO);Mp_3bet_Raiser_Vs_Co_Call;Mp_3bet_Raiser_Vs_Co_Raise
PreflopMp;StatCell;PreflopData;;;Mp_3bet_Raiser_Vs_Co_Call;MP call (3 bet pot as raiser vs CO);Mp_3bet_Raiser_Vs_Co_Fold;Mp_3bet_Raiser_Vs_Co_Raise
PreflopMp;StatCell;PreflopData;;;Mp_3bet_Raiser_Vs_Co_Raise;MP raise (3 bet pot as raiser vs CO);Mp_3bet_Raiser_Vs_Co_Call;
PreflopMp;StatCell;PreflopData;;;Mp_3bet_Raiser_Vs_Btn_Fold;MP fold (3 bet pot as raiser vs BTN);Mp_3bet_Raiser_Vs_Btn_Call;Mp_3bet_Raiser_Vs_Btn_Raise
PreflopMp;StatCell;PreflopData;;;Mp_3bet_Raiser_Vs_Btn_Call;MP call (3 bet pot as raiser vs BTN);Mp_3bet_Raiser_Vs_Btn_Fold;Mp_3bet_Raiser_Vs_Btn_Raise
PreflopMp;StatCell;PreflopData;;;Mp_3bet_Raiser_Vs_Btn_Raise;MP raise (3 bet pot as raiser vs BTN);Mp_3bet_Raiser_Vs_Btn_Call;
PreflopMp;StatCell;PreflopData;;;Mp_3bet_Raiser_Vs_Sb_Fold;MP fold (3 bet pot as raiser vs SB);Mp_3bet_Raiser_Vs_Sb_Call;Mp_3bet_Raiser_Vs_Sb_Raise
PreflopMp;StatCell;PreflopData;;;Mp_3bet_Raiser_Vs_Sb_Call;MP call (3 bet pot as raiser vs SB);Mp_3bet_Raiser_Vs_Sb_Fold;Mp_3bet_Raiser_Vs_Sb_Raise
PreflopMp;StatCell;PreflopData;;;Mp_3bet_Raiser_Vs_Sb_Raise;MP raise (3 bet pot as raiser vs SB);Mp_3bet_Raiser_Vs_Sb_Call;
PreflopMp;StatCell;PreflopData;;;Mp_3bet_Raiser_Vs_Bb_Fold;MP fold (3 bet pot as raiser vs BB);Mp_3bet_Raiser_Vs_Bb_Call;Mp_3bet_Raiser_Vs_Bb_Raise
PreflopMp;StatCell;PreflopData;;;Mp_3bet_Raiser_Vs_Bb_Call;MP call (3 bet pot as raiser vs BB);Mp_3bet_Raiser_Vs_Bb_Fold;Mp_3bet_Raiser_Vs_Bb_Raise
PreflopMp;StatCell;PreflopData;;;Mp_3bet_Raiser_Vs_Bb_Raise;MP raise (3 bet pot as raiser vs BB);Mp_3bet_Raiser_Vs_Bb_Call;
PreflopMp;StatCell;PreflopData;;;Mp_3bet_Raiser_Vs_Multi_Fold;MP fold (3 bet pot as raiser multiway);Mp_3bet_Raiser_Vs_Multi_Call;Mp_3bet_Raiser_Vs_Multi_Raise
PreflopMp;StatCell;PreflopData;;;Mp_3bet_Raiser_Vs_Multi_Call;MP call (3 bet pot as raiser multiway);Mp_3bet_Raiser_Vs_Multi_Fold;Mp_3bet_Raiser_Vs_Multi_Raise
PreflopMp;StatCell;PreflopData;;;Mp_3bet_Raiser_Vs_Multi_Raise;MP raise (3 bet pot as raiser multiway);Mp_3bet_Raiser_Vs_Multi_Call;
PreflopMp;StatCell;PreflopData;;;Mp_4bet_Fold;MP fold (4 bet pot);Mp_4bet_Call;Mp_4bet_Raise
PreflopMp;StatCell;PreflopData;;;Mp_4bet_Call;MP call (4 bet pot);Mp_4bet_Fold;Mp_4bet_Raise
PreflopMp;StatCell;PreflopData;;;Mp_4bet_Raise;MP raise (4 bet pot);Mp_4bet_Call;
PreflopCo;StatCell;PreflopData;;;Co_Unopened_Fold;CO fold (unopened pot);Co_Unopened_Call;Co_Unopened_Raise
PreflopCo;StatCell;PreflopData;;;Co_Unopened_Call;CO call (unopened pot);Co_Unopened_Fold;Co_Unopened_Raise
PreflopCo;StatCell;PreflopData;;;Co_Unopened_Raise;CO raise (unopened pot);Co_Unopened_Call;
PreflopCo;StatCell;PreflopData;;;Co_Limp_Fold;CO fold (limp pot);Co_Limp_Call;Co_Limp_Raise
PreflopCo;StatCell;PreflopData;;;Co_Limp_Call;CO call (limp pot);Co_Limp_Fold;Co_Limp_Raise
PreflopCo;StatCell;PreflopData;;;Co_Limp_Raise;CO raise (limp pot);Co_Limp_Call;
PreflopCo;StatCell;PreflopData;;;Co_Limp_Vs_Ep_Fold;CO fold (limp pot vs EP);Co_Limp_Vs_Ep_Call;Co_Limp_Vs_Ep_Raise
PreflopCo;StatCell;PreflopData;;;Co_Limp_Vs_Ep_Call;CO call (limp pot vs EP);Co_Limp_Vs_Ep_Fold;Co_Limp_Vs_Ep_Raise
PreflopCo;StatCell;PreflopData;;;Co_Limp_Vs_Ep_Raise;CO raise (limp pot vs EP);Co_Limp_Vs_Ep_Call;
PreflopCo;StatCell;PreflopData;;;Co_Limp_Vs_Mp_Fold;CO fold (limp pot vs MP);Co_Limp_Vs_Mp_Call;Co_Limp_Vs_Mp_Raise
PreflopCo;StatCell;PreflopData;;;Co_Limp_Vs_Mp_Call;CO call (limp pot vs MP);Co_Limp_Vs_Mp_Fold;Co_Limp_Vs_Mp_Raise
PreflopCo;StatCell;PreflopData;;;Co_Limp_Vs_Mp_Raise;CO raise (limp pot vs MP);Co_Limp_Vs_Mp_Call;
PreflopCo;StatCell;PreflopData;;;Co_Limp_Vs_Multi_Fold;CO fold (limp pot multiway);Co_Limp_Vs_Multi_Call;Co_Limp_Vs_Multi_Raise
PreflopCo;StatCell;PreflopData;;;Co_Limp_Vs_Multi_Call;CO call (limp pot multiway);Co_Limp_Vs_Multi_Fold;Co_Limp_Vs_Multi_Raise
PreflopCo;StatCell;PreflopData;;;Co_Limp_Vs_Multi_Raise;CO raise (limp pot multiway);Co_Limp_Vs_Multi_Call;
PreflopCo;StatCell;PreflopData;;;Co_Raise_Fold;CO fold (raise pot);Co_Raise_Call;Co_Raise_Raise
PreflopCo;StatCell;PreflopData;;;Co_Raise_Call;CO call (raise pot);Co_Raise_Fold;Co_Raise_Raise
PreflopCo;StatCell;PreflopData;;;Co_Raise_Raise;CO raise (raise pot);Co_Raise_Call;
PreflopCo;StatCell;PreflopData;;;Co_Raise_Vs_Ep_Fold;CO fold (raise pot vs EP);Co_Raise_Vs_Ep_Call;Co_Raise_Vs_Ep_Raise
PreflopCo;StatCell;PreflopData;;;Co_Raise_Vs_Ep_Call;CO call (raise pot vs EP);Co_Raise_Vs_Ep_Fold;Co_Raise_Vs_Ep_Raise
PreflopCo;StatCell;PreflopData;;;Co_Raise_Vs_Ep_Raise;CO raise (raise pot vs EP);Co_Raise_Vs_Ep_Call;
PreflopCo;StatCell;PreflopData;;;Co_Raise_Vs_Mp_Fold;CO fold (raise pot vs MP);Co_Raise_Vs_Mp_Call;Co_Raise_Vs_Mp_Raise
PreflopCo;StatCell;PreflopData;;;Co_Raise_Vs_Mp_Call;CO call (raise pot vs MP);Co_Raise_Vs_Mp_Fold;Co_Raise_Vs_Mp_Raise
PreflopCo;StatCell;PreflopData;;;Co_Raise_Vs_Mp_Raise;CO raise (raise pot vs MP);Co_Raise_Vs_Mp_Call;
PreflopCo;StatCell;PreflopData;;;Co_Raise_Vs_Multi_Fold;CO fold (raise pot multiway);Co_Raise_Vs_Multi_Call;Co_Raise_Vs_Multi_Raise
PreflopCo;StatCell;PreflopData;;;Co_Raise_Vs_Multi_Call;CO call (raise pot multiway);Co_Raise_Vs_Multi_Fold;Co_Raise_Vs_Multi_Raise
PreflopCo;StatCell;PreflopData;;;Co_Raise_Vs_Multi_Raise;CO raise (raise pot multiway);Co_Raise_Vs_Multi_Call;
PreflopCo;StatCell;PreflopData;;;Co_Isolate_CC_Fold;CO fold (isolate pot as cold caller);Co_Isolate_CC_Call;Co_Isolate_CC_Raise
PreflopCo;StatCell;PreflopData;;;Co_Isolate_CC_Call;CO call (isolate pot as cold caller);Co_Isolate_CC_Fold;Co_Isolate_CC_Raise
PreflopCo;StatCell;PreflopData;;;Co_Isolate_CC_Raise;CO raise (isolate pot as cold caller);Co_Isolate_CC_Call;
PreflopCo;StatCell;PreflopData;;;Co_Isolate_Limper_Fold;CO fold (isolate pot as limper);Co_Isolate_Limper_Call;Co_Isolate_Limper_Raise
PreflopCo;StatCell;PreflopData;;;Co_Isolate_Limper_Call;CO call (isolate pot as limper);Co_Isolate_Limper_Fold;Co_Isolate_Limper_Raise
PreflopCo;StatCell;PreflopData;;;Co_Isolate_Limper_Raise;CO raise (isolate pot as limper);Co_Isolate_Limper_Call;
PreflopCo;StatCell;PreflopData;;;Co_Squeeze_Raiser_Fold;CO fold (squeeze pot as raiser);Co_Squeeze_Raiser_Call;Co_Squeeze_Raiser_Raise
PreflopCo;StatCell;PreflopData;;;Co_Squeeze_Raiser_Call;CO call (squeeze pot as raiser);Co_Squeeze_Raiser_Fold;Co_Squeeze_Raiser_Raise
PreflopCo;StatCell;PreflopData;;;Co_Squeeze_Raiser_Raise;CO raise (squeeze pot as raiser);Co_Squeeze_Raiser_Call;
PreflopCo;StatCell;PreflopData;;;Co_Squeeze_Caller_Fold;CO fold (squeeze pot as caller);Co_Squeeze_Caller_Call;Co_Squeeze_Caller_Raise
PreflopCo;StatCell;PreflopData;;;Co_Squeeze_Caller_Call;CO call (squeeze pot as caller);Co_Squeeze_Caller_Fold;Co_Squeeze_Caller_Raise
PreflopCo;StatCell;PreflopData;;;Co_Squeeze_Caller_Raise;CO raise (squeeze pot as caller);Co_Squeeze_Caller_Call;
PreflopCo;StatCell;PreflopData;;;Co_RaiseIsolate_Raiser_Fold;CO fold (raise isolate pot as raiser);Co_RaiseIsolate_Raiser_Call;Co_RaiseIsolate_Raiser_Raise
PreflopCo;StatCell;PreflopData;;;Co_RaiseIsolate_Raiser_Call;CO call (raise isolate pot as raiser);Co_RaiseIsolate_Raiser_Fold;Co_RaiseIsolate_Raiser_Raise
PreflopCo;StatCell;PreflopData;;;Co_RaiseIsolate_Raiser_Raise;CO raise (raise isolate pot as raiser);Co_RaiseIsolate_Raiser_Call;
PreflopCo;StatCell;PreflopData;;;Co_RaiseIsolate_Caller_Fold;CO fold (raise isolate pot as caller);Co_RaiseIsolate_Caller_Call;Co_RaiseIsolate_Caller_Raise
PreflopCo;StatCell;PreflopData;;;Co_RaiseIsolate_Caller_Call;CO call (raise isolate pot as caller);Co_RaiseIsolate_Caller_Fold;Co_RaiseIsolate_Caller_Raise
PreflopCo;StatCell;PreflopData;;;Co_RaiseIsolate_Caller_Raise;CO raise (raise isolate pot as caller);Co_RaiseIsolate_Caller_Call;
PreflopCo;StatCell;PreflopData;;;Co_3bet_CC_Fold;CO fold (3 bet pot as cold caller);Co_3bet_CC_Call;Co_3bet_CC_Raise
PreflopCo;StatCell;PreflopData;;;Co_3bet_CC_Call;CO call (3 bet pot as cold caller);Co_3bet_CC_Fold;Co_3bet_CC_Raise
PreflopCo;StatCell;PreflopData;;;Co_3bet_CC_Raise;CO raise (3 bet pot as cold caller);Co_3bet_CC_Call;
PreflopCo;StatCell;PreflopData;;;Co_3bet_Raiser_Fold;CO fold (3 bet pot as raiser);Co_3bet_Raiser_Call;Co_3bet_Raiser_Raise
PreflopCo;StatCell;PreflopData;;;Co_3bet_Raiser_Call;CO call (3 bet pot as raiser);Co_3bet_Raiser_Fold;Co_3bet_Raiser_Raise
PreflopCo;StatCell;PreflopData;;;Co_3bet_Raiser_Raise;CO raise (3 bet pot as raiser);Co_3bet_Raiser_Call;
PreflopCo;StatCell;PreflopData;;;Co_3bet_Raiser_Vs_Btn_Fold;CO fold (3 bet pot as raiser vs BTN);Co_3bet_Raiser_Vs_Btn_Call;Co_3bet_Raiser_Vs_Btn_Raise
PreflopCo;StatCell;PreflopData;;;Co_3bet_Raiser_Vs_Btn_Call;CO call (3 bet pot as raiser vs BTN);Co_3bet_Raiser_Vs_Btn_Fold;Co_3bet_Raiser_Vs_Btn_Raise
PreflopCo;StatCell;PreflopData;;;Co_3bet_Raiser_Vs_Btn_Raise;CO raise (3 bet pot as raiser vs BTN);Co_3bet_Raiser_Vs_Btn_Call;
PreflopCo;StatCell;PreflopData;;;Co_3bet_Raiser_Vs_Sb_Fold;CO fold (3 bet pot as raiser vs SB);Co_3bet_Raiser_Vs_Sb_Call;Co_3bet_Raiser_Vs_Sb_Raise
PreflopCo;StatCell;PreflopData;;;Co_3bet_Raiser_Vs_Sb_Call;CO call (3 bet pot as raiser vs SB);Co_3bet_Raiser_Vs_Sb_Fold;Co_3bet_Raiser_Vs_Sb_Raise
PreflopCo;StatCell;PreflopData;;;Co_3bet_Raiser_Vs_Sb_Raise;CO raise (3 bet pot as raiser vs SB);Co_3bet_Raiser_Vs_Sb_Call;
PreflopCo;StatCell;PreflopData;;;Co_3bet_Raiser_Vs_Bb_Fold;CO fold (3 bet pot as raiser vs BB);Co_3bet_Raiser_Vs_Bb_Call;Co_3bet_Raiser_Vs_Bb_Raise
PreflopCo;StatCell;PreflopData;;;Co_3bet_Raiser_Vs_Bb_Call;CO call (3 bet pot as raiser vs BB);Co_3bet_Raiser_Vs_Bb_Fold;Co_3bet_Raiser_Vs_Bb_Raise
PreflopCo;StatCell;PreflopData;;;Co_3bet_Raiser_Vs_Bb_Raise;CO raise (3 bet pot as raiser vs BB);Co_3bet_Raiser_Vs_Bb_Call;
PreflopCo;StatCell;PreflopData;;;Co_3bet_Raiser_Vs_Multi_Fold;CO fold (3 bet pot as raiser multiway);Co_3bet_Raiser_Vs_Multi_Call;Co_3bet_Raiser_Vs_Multi_Raise
PreflopCo;StatCell;PreflopData;;;Co_3bet_Raiser_Vs_Multi_Call;CO call (3 bet pot as raiser multiway);Co_3bet_Raiser_Vs_Multi_Fold;Co_3bet_Raiser_Vs_Multi_Raise
PreflopCo;StatCell;PreflopData;;;Co_3bet_Raiser_Vs_Multi_Raise;CO raise (3 bet pot as raiser multiway);Co_3bet_Raiser_Vs_Multi_Call;
PreflopCo;StatCell;PreflopData;;;Co_4bet_Fold;CO fold (4 bet pot);Co_4bet_Call;Co_4bet_Raise
PreflopCo;StatCell;PreflopData;;;Co_4bet_Call;CO call (4 bet pot);Co_4bet_Fold;Co_4bet_Raise
PreflopCo;StatCell;PreflopData;;;Co_4bet_Raise;CO raise (4 bet pot);Co_4bet_Call;
PreflopSbvsBb;StatCell;PreflopData;;;SbvsBb_Unopened_Fold;SB vs BB HU fold (unopened pot);SbvsBb_Unopened_Call;SbvsBb_Unopened_Raise
PreflopSbvsBb;StatCell;PreflopData;;;SbvsBb_Unopened_Call;SB vs BB HU  call (unopened pot);SbvsBb_Unopened_Fold;SbvsBb_Unopened_Raise
PreflopSbvsBb;StatCell;PreflopData;;;SbvsBb_Unopened_Raise;SB vs BB HU  raise (unopened pot);SbvsBb_Unopened_Call;
PreflopSbvsBb;StatCell;PreflopData;;;SbvsBb_Isolate_Fold;SB vs BB HU  fold (isolate pot);SbvsBb_Isolate_Call;SbvsBb_Isolate_Raise
PreflopSbvsBb;StatCell;PreflopData;;;SbvsBb_Isolate_Call;SB vs BB HU  call (isolate pot);SbvsBb_Isolate_Fold;SbvsBb_Isolate_Raise
PreflopSbvsBb;StatCell;PreflopData;;;SbvsBb_Isolate_Raise;SB vs BB HU  raise (isolate pot);SbvsBb_Isolate_Call;
PreflopSbvsBb;StatCell;PreflopData;;;SbvsBb_3bet_Fold;SB vs BB HU  fold (3 bet pot);SbvsBb_3bet_Call;SbvsBb_3bet_Raise
PreflopSbvsBb;StatCell;PreflopData;;;SbvsBb_3bet_Call;SB vs BB HU  call (3 bet pot);SbvsBb_3bet_Fold;SbvsBb_3bet_Raise
PreflopSbvsBb;StatCell;PreflopData;;;SbvsBb_3bet_Raise;SB vs BB HU  raise (3 bet pot);SbvsBb_3bet_Call;
PreflopSbvsBb;StatCell;PreflopData;;;SbvsBb_4bet_Fold;SB vs BB HU  fold (4 bet pot);SbvsBb_4bet_Call;SbvsBb_4bet_Raise
PreflopSbvsBb;StatCell;PreflopData;;;SbvsBb_4bet_Call;SB vs BB HU  call (4 bet pot);SbvsBb_4bet_Fold;SbvsBb_4bet_Raise
PreflopSbvsBb;StatCell;PreflopData;;;SbvsBb_4bet_Raise;SB vs BB HU  raise (4 bet pot);SbvsBb_4bet_Call;
PreflopSbvsBb;StatCell;PreflopData;;;SbvsBb_5bet_Fold;SB vs BB HU  fold (5 bet pot);SbvsBb_5bet_Call;SbvsBb_5bet_Raise
PreflopSbvsBb;StatCell;PreflopData;;;SbvsBb_5bet_Call;SB vs BB HU  call (5 bet pot);SbvsBb_5bet_Fold;SbvsBb_5bet_Raise
PreflopSbvsBb;StatCell;PreflopData;;;SbvsBb_5bet_Raise;SB vs BB HU  raise (5 bet pot);SbvsBb_5bet_Call;
PreflopBbvsSb;StatCell;PreflopData;;;BbvsSb_Limp_Check;BB vs SB HU  check (limp pot);BbvsSb_Limp_Raise;
PreflopBbvsSb;StatCell;PreflopData;;;BbvsSb_Limp_Raise;BB vs SB HU  raise (limp pot);BbvsSb_Limp_Check;
PreflopBbvsSb;StatCell;PreflopData;;;BbvsSb_Raise_Fold;BB vs SB HU  fold (raise pot);BbvsSb_Raise_Call;BbvsSb_Raise_Raise
PreflopBbvsSb;StatCell;PreflopData;;;BbvsSb_Raise_Call;BB vs SB HU  call (raise pot);BbvsSb_Raise_Fold;BbvsSb_Raise_Raise
PreflopBbvsSb;StatCell;PreflopData;;;BbvsSb_Raise_Raise;BB vs SB HU  raise (raise pot);BbvsSb_Raise_Call;
PreflopBbvsSb;StatCell;PreflopData;;;BbvsSb_RaiseIsolate_Fold;BB vs SB HU  fold (raise isolate pot);BbvsSb_RaiseIsolate_Call;BbvsSb_RaiseIsolate_Raise
PreflopBbvsSb;StatCell;PreflopData;;;BbvsSb_RaiseIsolate_Call;BB vs SB HU  call (raise isolate pot);BbvsSb_RaiseIsolate_Fold;BbvsSb_RaiseIsolate_Raise
PreflopBbvsSb;StatCell;PreflopData;;;BbvsSb_RaiseIsolate_Raise;BB vs SB HU  raise (raise isolate pot);BbvsSb_RaiseIsolate_Call;
PreflopBbvsSb;StatCell;PreflopData;;;BbvsSb_4bet_Fold;BB vs SB HU  fold (4 bet pot);BbvsSb_4bet_Call;BbvsSb_4bet_Raise
PreflopBbvsSb;StatCell;PreflopData;;;BbvsSb_4bet_Call;BB vs SB HU  call (4 bet pot);BbvsSb_4bet_Fold;BbvsSb_4bet_Raise
PreflopBbvsSb;StatCell;PreflopData;;;BbvsSb_4bet_Raise;BB vs SB HU  raise (4 bet pot);BbvsSb_4bet_Call;
PreflopBbvsSb;StatCell;PreflopData;;;BbvsSb_5bet_Fold;BB vs SB HU  fold (5 bet pot);BbvsSb_5bet_Call;BbvsSb_5bet_Raise
PreflopBbvsSb;StatCell;PreflopData;;;BbvsSb_5bet_Call;BB vs SB HU  call (5 bet pot);BbvsSb_5bet_Fold;BbvsSb_5bet_Raise
PreflopBbvsSb;StatCell;PreflopData;;;BbvsSb_5bet_Raise;BB vs SB HU  raise (5 bet pot);BbvsSb_5bet_Call;
PostflopHuIpRaiser;StatCell;PostflopData;35, 70, 100;p;CB_F;Continuation bet flop;CX_F;
PostflopHuIpRaiser;StatCell;PostflopData;35, 70, 100;p;CB_T;Continuation bet turn;CX_T;
PostflopHuIpRaiser;StatCell;PostflopData;35, 70, 100;p;CB_R;Continuation bet river;CX_R;
PostflopHuIpRaiser;StatCell;PostflopData;;;CX_F;Continuation check flop;CB_F;
PostflopHuIpRaiser;StatCell;PostflopData;;;CX_T;Continuation check turn;CB_T;
PostflopHuIpRaiser;StatCell;PostflopData;;;CX_R;Continuation check river;CB_R;
PostflopHuIpRaiser;StatCell;PostflopData;;;FCBvR_F;Continuation bet/fold flop;CCBvR_F;THREEBET_F
PostflopHuIpRaiser;StatCell;PostflopData;;;FCBvR_T;Continuation bet/fold turn;CCBvR_T;THREEBET_T
PostflopHuIpRaiser;StatCell;PostflopData;;;FCBvR_R;Continuation bet/fold river;CCBvR_R;THREEBET_R
PostflopHuIpRaiser;StatCell;PostflopData;;;CCBvR_F;Continuation bet/call flop;FCBvR_F;THREEBET_F
PostflopHuIpRaiser;StatCell;PostflopData;;;CCBvR_T;Continuation bet/call turn;FCBvR_T;THREEBET_T
PostflopHuIpRaiser;StatCell;PostflopData;;;CCBvR_R;Continuation bet/call river;FCBvR_R;THREEBET_R
PostflopHuIpRaiser;StatCell;PostflopData;;;FCBvR_F_B;Continuation bet/call flop and fold to turn bet;CCBvR_F_B;
PostflopHuIpRaiser;StatCell;PostflopData;;;FCBvR_F_BB;Continuation bet/call flop, call turn and fold to river bet;CCBvR_F_BB;
PostflopHuIpRaiser;StatCell;PostflopData;;;CCBvR_F_B;Continuation bet/call flop and call turn bet;FCBvR_F_B;
PostflopHuIpRaiser;StatCell;PostflopData;;;CCBvR_F_BB;Continuation bet/call flop, call turn and call river bet;FCBvR_F_BB;
PostflopHuIpRaiser;StatCell;PostflopData;;;FCBvR_F_XB;Continuation bet/call flop, check/check turn and fold to river bet;CCBvR_F_XB;
PostflopHuIpRaiser;StatCell;PostflopData;;;CCBvR_F_XB;Continuation bet/call flop, check/check turn and call river bet;FCBvR_F_XB;
PostflopHuIpRaiser;StatCell;PostflopData;;;FCBvR_T_B;Continuation bet/call turn and fold to river bet;CCBvR_T_B;
PostflopHuIpRaiser;StatCell;PostflopData;;;CCBvR_T_B;Continuation bet/call turn and call river bet;FCBvR_T_B;
PostflopHuIpRaiser;StatCell;PostflopData;35, 70, 100;p;FLOATXRCB_T;Call check/raise of flop continuation bet and bet on turn after check;FLOATXRCBX_T;
PostflopHuIpRaiser;StatCell;PostflopData;35, 70, 100;p;FLOATXRCB_R;Call check/raise of turn continuation bet and bet on river after check;FLOATXRCBX_R;
PostflopHuIpRaiser;StatCell;PostflopData;;;FLOATXRCBX_T;Call check/raise of flop continuation bet and check on turn after check;FLOATXRCB_T;
PostflopHuIpRaiser;StatCell;PostflopData;;;FLOATXRCBX_R;Call check/raise of turn continuation bet and check on river after check;FLOATXRCB_R;
PostflopHuIpRaiser;StatCell;PostflopData;35, 70, 100;p;FLOATXRCB_T_B;Call check/raise of flop continuation bet, bet turn after check and bet river;FLOATXRCB_T_X;
PostflopHuIpRaiser;StatCell;PostflopData;;;FLOATXRCB_T_X;Call check/raise of flop continuation bet, bet turn after check and check river;FLOATXRCB_T_B;
PostflopHuIpRaiser;StatCell;PostflopData;35, 70, 100;p;DelFLOATXRCB_R;Call check/raise of flop continuation bet, check/check turn and bet river;DelFLOATXRCBX_R;
PostflopHuIpRaiser;StatCell;PostflopData;;;DelFLOATXRCBX_R;Call check/raise of flop continuation bet, check/check turn and check river;DelFLOATXRCB_R;
PostflopHuIpRaiser;StatCell;PostflopData;35, 70, 100;p;DblFLOATXRCB_R;Call check/raise of flop continuation bet, call turn bet and bet river after check;DblFLOATXRCBX_R;
PostflopHuIpRaiser;StatCell;PostflopData;;;DblFLOATXRCBX_R;Call check/raise of flop continuation bet, call turn bet and check behind river;DblFLOATXRCB_R;
PostflopHuIpRaiser;StatCell;PostflopData;;;THREEBET_F;3 bet flop;;
PostflopHuIpRaiser;StatCell;PostflopData;;;THREEBET_T;3 bet turn;;
PostflopHuIpRaiser;StatCell;PostflopData;;;THREEBET_R;3 bet river;;
PostflopHuIpRaiser;StatCell;PostflopData;;;FvTHREEBET_F;Fold to 3 bet flop;CvTHREEBET_F;FOURBET_F
PostflopHuIpRaiser;StatCell;PostflopData;;;FvTHREEBET_T;Fold to 3 bet turn;CvTHREEBET_T;FOURBET_T
PostflopHuIpRaiser;StatCell;PostflopData;;;FvTHREEBET_R;Fold to 3 bet river;CvTHREEBET_R;FOURBET_R
PostflopHuIpRaiser;StatCell;PostflopData;;;CvTHREEBET_F;Call 3 bet flop;FvTHREEBET_F;FOURBET_F
PostflopHuIpRaiser;StatCell;PostflopData;;;CvTHREEBET_T;Call 3 bet turn;FvTHREEBET_T;FOURBET_T
PostflopHuIpRaiser;StatCell;PostflopData;;;CvTHREEBET_R;Call 3 bet river;FvTHREEBET_R;FOURBET_R
PostflopHuIpRaiser;StatCell;PostflopData;;;FOURBET_F;4 bet flop;CvTHREEBET_F;
PostflopHuIpRaiser;StatCell;PostflopData;;;FOURBET_T;4 bet turn;CvTHREEBET_T;
PostflopHuIpRaiser;StatCell;PostflopData;;;FOURBET_R;4 bet river;CvTHREEBET_R;
PostflopHuIpRaiser;StatCell;PostflopData;35, 70, 100;p;DELAY_T;Delay continuation bet turn;DELAYX_T;
PostflopHuIpRaiser;StatCell;PostflopData;35, 70, 100;p;DELAY_R;Delay continuation bet river;DELAYX_R;
PostflopHuIpRaiser;StatCell;PostflopData;;;DELAYX_T;Delay continuation check turn;DELAY_T;
PostflopHuIpRaiser;StatCell;PostflopData;;;DELAYX_R;Delay continuation check river;DELAY_R;
PostflopHuIpRaiser;StatCell;PostflopData;;;DELAY_F_T;Delay bet/fold turn;DELAY_C_T;THREEBET_T
PostflopHuIpRaiser;StatCell;PostflopData;;;DELAY_F_R;Delay bet/fold river;DELAY_C_R;THREEBET_R
PostflopHuIpRaiser;StatCell;PostflopData;;;DELAY_C_T;Delay bet/call turn;DELAY_F_T;THREEBET_T
PostflopHuIpRaiser;StatCell;PostflopData;;;DELAY_C_R;Delay bet/call river;DELAY_F_R;THREEBET_R
PostflopHuIpRaiser;StatCell;PostflopData;35, 70, 100;p;DELAY_T_B;Delay continuation bet turn and bet river;DELAY_T_X;
PostflopHuIpRaiser;StatCell;PostflopData;;;DELAY_T_X;Delay continuation bet turn and check river;DELAY_T_B;
PostflopHuIpRaiser;StatCell;PostflopData;;;DELAY_F_T_B;Delay continuation bet/call turn and fold to river bet;DELAY_C_T_B;
PostflopHuIpRaiser;StatCell;PostflopData;;;DELAY_C_T_B;Delay continuation bet/call turn and call river bet;DELAY_F_T_B;
PostflopHuIpRaiser;StatCell;PostflopData;35, 70, 100;p;FLOATXRDELAY_R;Delay continuation bet/call turn and bet river after check;FLOATXRDELAYX_R;
PostflopHuIpRaiser;StatCell;PostflopData;;;FLOATXRDELAYX_R;Delay continuation bet/call turn and check behind river;FLOATXRDELAY_R;
PostflopHuIpRaiser;StatCell;PostflopData;35, 70, 100;p;SDELAY_R;Super delay continuation bet river;SDELAYX_R;
PostflopHuIpRaiser;StatCell;PostflopData;;;SDELAYX_R;Super delay continuation check river;SDELAY_R;
PostflopHuIpRaiser;StatCell;PostflopData;;;SDELAY_F_R;Super delay continuation bet/fold river;SDELAY_C_R;THREEBET_R
PostflopHuIpRaiser;StatCell;PostflopData;;;SDELAY_C_R;Super delay continuation bet/call river;SDELAY_F_R;THREEBET_R
PostflopHuIpRaiser;StatCell;PostflopData;;;FvDONK_F;Fold to donk bet flop;CvDONK_F;RvDONK_F
PostflopHuIpRaiser;StatCell;PostflopData;;;FvDONK_T;Fold to donk bet turn;CvDONK_T;RvDONK_T
PostflopHuIpRaiser;StatCell;PostflopData;;;FvDONK_R;Fold to donk bet river;CvDONK_R;RvDONK_R
PostflopHuIpRaiser;StatCell;PostflopData;;;CvDONK_F;Call donk bet flop;FvDONK_F;RvDONK_F
PostflopHuIpRaiser;StatCell;PostflopData;;;CvDONK_T;Call donk bet turn;FvDONK_T;RvDONK_T
PostflopHuIpRaiser;StatCell;PostflopData;;;CvDONK_R;Call donk bet river;FvDONK_R;RvDONK_R
PostflopHuIpRaiser;StatCell;PostflopData;;;FvDONK_F_B;Call donk bet flop and fold to turn bet;CvDONK_F_B;
PostflopHuIpRaiser;StatCell;PostflopData;;;FvDONK_F_BB;Call donk bet flop, call turn and fold to river bet;CvDONK_F_BB;
PostflopHuIpRaiser;StatCell;PostflopData;;;CvDONK_F_B;Call donk bet flop and call turn bet;FvDONK_F_B;
PostflopHuIpRaiser;StatCell;PostflopData;;;CvDONK_F_BB;Call donk bet flop, call turn and call river bet;FvDONK_F_BB;
PostflopHuIpRaiser;StatCell;PostflopData;;;FvDONK_F_XB;Call donk bet flop, check/check turn and fold to river bet;CvDONK_F_XB;
PostflopHuIpRaiser;StatCell;PostflopData;;;CvDONK_F_XB;Call donk bet flop, check/check turn and call river bet;FvDONK_F_XB;
PostflopHuIpRaiser;StatCell;PostflopData;;;FvDONK_T_B;Call donk bet turn and fold to river bet;CvDONK_T_B;
PostflopHuIpRaiser;StatCell;PostflopData;;;CvDONK_T_B;Call donk bet turn and call river bet;FvDONK_T_B;
PostflopHuIpRaiser;StatCell;PostflopData;;;RvDONK_F;Raise donk bet flop;CvDONK_F;
PostflopHuIpRaiser;StatCell;PostflopData;;;RvDONK_T;Raise donk bet turn;CvDONK_T;
PostflopHuIpRaiser;StatCell;PostflopData;;;RvDONK_R;Raise donk bet river;CvDONK_R;
PostflopHuIpRaiser;StatCell;PostflopData;35, 70, 100;p;RvDONK_F_B;Raise donk bet flop and bet turn;RvDONK_F_X;
PostflopHuIpRaiser;StatCell;PostflopData;35, 70, 100;p;RvDONK_F_BB;Raise donk bet flop, bet turn and bet river;RvDONK_F_BX;
PostflopHuIpRaiser;StatCell;PostflopData;;;RvDONK_F_X;Raise donk bet flop and check turn;RvDONK_F_B;
PostflopHuIpRaiser;StatCell;PostflopData;;;RvDONK_F_BX;Raise donk bet flop, bet turn and check river;RvDONK_F_BB;
PostflopHuIpRaiser;StatCell;PostflopData;35, 70, 100;p;RvDONK_F_XB;Raise donk bet flop, check/check turn and bet river;RvDONK_F_XX;
PostflopHuIpRaiser;StatCell;PostflopData;;;RvDONK_F_XX;Raise donk bet flop, check/check turn and check river;RvDONK_F_XB;
PostflopHuIpRaiser;StatCell;PostflopData;35, 70, 100;p;RvDONK_T_B;Raise donk bet turn and bet river;RvDONK_T_X;
PostflopHuIpRaiser;StatCell;PostflopData;;;RvDONK_T_X;Raise donk bet turn and check river;RvDONK_T_B;
PostflopHuIpRaiser;StatCell;PostflopData;35, 70, 100;p;FLOATDONK_T;Call flop donk bet and bet on turn after check;FLOATDONKX_T;
PostflopHuIpRaiser;StatCell;PostflopData;35, 70, 100;p;FLOATDONK_R;Call turn donk bet and bet on river after check;FLOATDONKX_R;
PostflopHuIpRaiser;StatCell;PostflopData;;;FLOATDONKX_T;Call flop donk bet and check on turn after check;FLOATDONK_T;
PostflopHuIpRaiser;StatCell;PostflopData;;;FLOATDONKX_R;Call turn donk bet and check on river after check;FLOATDONK_R;
PostflopHuIpRaiser;StatCell;PostflopData;35, 70, 100;p;FLOATDONK_T_B;Call flop donk bet, bet turn after check and bet river;FLOATDONK_T_X;
PostflopHuIpRaiser;StatCell;PostflopData;;;FLOATDONK_T_X;Call flop donk bet, bet turn after check and check river;FLOATDONK_T_B;
PostflopHuIpRaiser;StatCell;PostflopData;35, 70, 100;p;DelFLOATDONK_R;Call flop donk bet, check/check turn and bet river;DelFLOATDONKX_R;
PostflopHuIpRaiser;StatCell;PostflopData;;;DelFLOATDONKX_R;Call flop donk bet, check/check turn and check river;DelFLOATDONK_R;
PostflopHuIpRaiser;StatCell;PostflopData;35, 70, 100;p;DblFLOATDONK_R;Call flop donk bet, call turn bet and bet river after check;DblFLOATDONKX_R;
PostflopHuIpRaiser;StatCell;PostflopData;;;DblFLOATDONKX_R;Call flop donk bet, call turn bet and check behind river;DblFLOATDONK_R;
PostflopHuIpRaiser;StatCell;PostflopData;;;FvDONKDELAY_R;Delay continuation bet turn and fold to donk bet river;CvDONKDELAY_R;RvDONKDELAY_R
PostflopHuIpRaiser;StatCell;PostflopData;;;CvDONKDELAY_R;Delay continuation bet turn and call donk bet river;FvDONKDELAY_R;RvDONKDELAY_R
PostflopHuIpRaiser;StatCell;PostflopData;;;RvDONKDELAY_R;Delay continuation bet turn and raise donk bet river;CvDONKDELAY_R;
PostflopHuIpRaiser;StatCell;PostflopData;;;FvPROBE_T;Fold to probet turn;CvPROBE_T;RvPROBE_T
PostflopHuIpRaiser;StatCell;PostflopData;;;FvPROBE_R;Fold to probet river;CvPROBE_R;RvPROBE_R
PostflopHuIpRaiser;StatCell;PostflopData;;;CvPROBE_T;Call probet turn;FvPROBE_T;RvPROBE_T
PostflopHuIpRaiser;StatCell;PostflopData;;;CvPROBE_R;Call probet river;FvPROBE_R;RvPROBE_R
PostflopHuIpRaiser;StatCell;PostflopData;;;FvPROBE_T_B;Call probet turn and fold to river bet;CvPROBE_T_B;
PostflopHuIpRaiser;StatCell;PostflopData;;;CvPROBE_T_B;Call probet turn and call river bet;FvPROBE_T_B;
PostflopHuIpRaiser;StatCell;PostflopData;;;RvPROBE_T;Raise probet turn;CvPROBE_T;
PostflopHuIpRaiser;StatCell;PostflopData;;;RvPROBE_R;Raise probet river;CvPROBE_R;
PostflopHuIpRaiser;StatCell;PostflopData;35, 70, 100;p;RvPROBE_T_B;Raise probet turn and bet river;RvPROBE_T_X;
PostflopHuIpRaiser;StatCell;PostflopData;;;RvPROBE_T_X;Raise probet turn and check river;RvPROBE_T_B;
PostflopHuIpRaiser;StatCell;PostflopData;35, 70, 100;p;FLOATPROBE_R;Call turn probet and bet on river after check;FLOATPROBEX_R;
PostflopHuIpRaiser;StatCell;PostflopData;;;FLOATPROBEX_R;Call turn probet and check behind on river;FLOATPROBE_R;
PostflopHuIpRaiser;StatCell;PostflopData;;;FvSPROBE_R;Fold to super river probet;CvSPROBE_R;RvSPROBE_R
PostflopHuIpRaiser;StatCell;PostflopData;;;CvSPROBE_R;Call super river probet;FvSPROBE_R;RvSPROBE_R
PostflopHuIpRaiser;StatCell;PostflopData;;;RvSPROBE_R;Raise super river probet;CvSPROBE_R;
PostflopHuIpRaiser;StatCell;PostflopData;35, 70, 100;p;Bet_F;Bet flop;;
PostflopHuIpRaiser;StatCell;PostflopData;35, 70, 100;p;Bet_T;Bet turn;;
PostflopHuIpRaiser;StatCell;PostflopData;35, 70, 100;p;Bet_R;Bet river;;
PostflopHuIpRaiser;StatCell;PostflopData;;;Check_F;Check flop;;
PostflopHuIpRaiser;StatCell;PostflopData;;;Check_T;Check turn;;
PostflopHuIpRaiser;StatCell;PostflopData;;;Check_R;Check river;;
PostflopHuIpRaiser;StatCell;PostflopData;;;FvBet_F;Fold to bet flop;;
PostflopHuIpRaiser;StatCell;PostflopData;;;FvBet_T;Fold to bet turn;;
PostflopHuIpRaiser;StatCell;PostflopData;;;FvBet_R;Fold to bet river;;
PostflopHuIpRaiser;StatCell;PostflopData;;;CvBet_F;Call bet flop;;
PostflopHuIpRaiser;StatCell;PostflopData;;;CvBet_T;Call bet turn;;
PostflopHuIpRaiser;StatCell;PostflopData;;;CvBet_R;Call bet river;;
PostflopHuIpRaiser;StatCell;PostflopData;;;Raise_F;Raise flop;;
PostflopHuIpRaiser;StatCell;PostflopData;;;Raise_T;Raise turn;;
PostflopHuIpRaiser;StatCell;PostflopData;;;Raise_R;Raise river;;
PostflopHuIpRaiser;StatCell;PostflopData;;;FvRaise_F;Fold to raise flop;;
PostflopHuIpRaiser;StatCell;PostflopData;;;FvRaise_T;Fold to raise turn;;
PostflopHuIpRaiser;StatCell;PostflopData;;;FvRaise_R;Fold to raise river;;
PostflopHuIpRaiser;StatCell;PostflopData;;;CvRaise_F;Call raise flop;;
PostflopHuIpRaiser;StatCell;PostflopData;;;CvRaise_T;Call raise turn;;
PostflopHuIpRaiser;StatCell;PostflopData;;;CvRaise_R;Call raise river;;
PostflopHuIpCaller;StatCell;PostflopData;;;FvCB_F;Fold to continuation bet flop;CvCB_F;RvCB_F
PostflopHuIpCaller;StatCell;PostflopData;;;FvCB_T;Fold to continuation bet turn;CvCB_T;RvCB_T
PostflopHuIpCaller;StatCell;PostflopData;;;FvCB_R;Fold to continuation bet river;CvCB_R;RvCB_R
PostflopHuIpCaller;StatCell;PostflopData;;;CvCB_F;Call continuation bet flop;FvCB_F;RvCB_F
PostflopHuIpCaller;StatCell;PostflopData;;;CvCB_T;Call continuation bet turn;FvCB_T;RvCB_T
PostflopHuIpCaller;StatCell;PostflopData;;;CvCB_R;Call continuation bet river;FvCB_R;RvCB_R
PostflopHuIpCaller;StatCell;PostflopData;;;RvCB_F;Raise continuation bet flop;CvCB_F;
PostflopHuIpCaller;StatCell;PostflopData;;;RvCB_T;Raise continuation bet turn;CvCB_T;
PostflopHuIpCaller;StatCell;PostflopData;;;RvCB_R;Raise continuation bet river;CvCB_R;
PostflopHuIpCaller;StatCell;PostflopData;35, 70, 100;p;RvCB_F_B;Raise continuation bet flop and bet turn;RvCB_F_X;
PostflopHuIpCaller;StatCell;PostflopData;35, 70, 100;p;RvCB_F_BB;Raise continuation bet flop, bet turn and bet river;RvCB_F_BX;
PostflopHuIpCaller;StatCell;PostflopData;;;RvCB_F_X;Raise continuation bet flop and check turn;RvCB_F_B;
PostflopHuIpCaller;StatCell;PostflopData;;;RvCB_F_BX;Raise continuation bet flop, bet turn and check river;RvCB_F_BB;
PostflopHuIpCaller;StatCell;PostflopData;35, 70, 100;p;RvCB_F_XB;Raise continuation bet flop, check/check turn and bet river;RvCB_F_XX;
PostflopHuIpCaller;StatCell;PostflopData;;;RvCB_F_XX;Raise continuation bet flop, check/check turn and check river;RvCB_F_XB;
PostflopHuIpCaller;StatCell;PostflopData;35, 70, 100;p;RvCB_T_B;Raise continuation bet turn and bet river;RvCB_T_X;
PostflopHuIpCaller;StatCell;PostflopData;;;RvCB_T_X;Raise continuation bet turn and check river;RvCB_T_B;
PostflopHuIpCaller;StatCell;PostflopData;;;THREEBET_F;3 bet flop;;
PostflopHuIpCaller;StatCell;PostflopData;;;THREEBET_T;3 bet turn;;
PostflopHuIpCaller;StatCell;PostflopData;;;THREEBET_R;3 bet river;;
PostflopHuIpCaller;StatCell;PostflopData;;;FvTHREEBET_F;Fold to 3 bet flop;CvTHREEBET_F;FOURBET_F
PostflopHuIpCaller;StatCell;PostflopData;;;FvTHREEBET_T;Fold to 3 bet turn;CvTHREEBET_T;FOURBET_T
PostflopHuIpCaller;StatCell;PostflopData;;;FvTHREEBET_R;Fold to 3 bet river;CvTHREEBET_R;FOURBET_R
PostflopHuIpCaller;StatCell;PostflopData;;;CvTHREEBET_F;Call 3 bet flop;FvTHREEBET_F;FOURBET_F
PostflopHuIpCaller;StatCell;PostflopData;;;CvTHREEBET_T;Call 3 bet turn;FvTHREEBET_T;FOURBET_T
PostflopHuIpCaller;StatCell;PostflopData;;;CvTHREEBET_R;Call 3 bet river;FvTHREEBET_R;FOURBET_R
PostflopHuIpCaller;StatCell;PostflopData;;;FOURBET_F;4 bet flop;CvTHREEBET_F;
PostflopHuIpCaller;StatCell;PostflopData;;;FOURBET_T;4 bet turn;CvTHREEBET_T;
PostflopHuIpCaller;StatCell;PostflopData;;;FOURBET_R;4 bet river;CvTHREEBET_R;
PostflopHuIpCaller;StatCell;PostflopData;;;FvDELAY_T;Fold to delay continuation bet turn;CvDELAY_T;RvDELAY_T
PostflopHuIpCaller;StatCell;PostflopData;;;FvDELAY_R;Fold to delay continuation bet river;CvDELAY_R;RvDELAY_R
PostflopHuIpCaller;StatCell;PostflopData;;;CvDELAY_T;Call delay continuation bet turn;FvDELAY_T;RvDELAY_T
PostflopHuIpCaller;StatCell;PostflopData;;;CvDELAY_R;Call delay continuation bet river;FvDELAY_R;RvDELAY_R
PostflopHuIpCaller;StatCell;PostflopData;;;FvDELAY_T_B;Call delay continuation bet turn and fold to bet river;CvDELAY_T_B;
PostflopHuIpCaller;StatCell;PostflopData;;;CvDELAY_T_B;Call delay continuation bet turn and call bet river;FvDELAY_T_B;
PostflopHuIpCaller;StatCell;PostflopData;;;RvDELAY_T;Raise delay continuation bet turn;CvDELAY_T;
PostflopHuIpCaller;StatCell;PostflopData;;;RvDELAY_R;Raise delay continuation bet river;CvDELAY_R;
PostflopHuIpCaller;StatCell;PostflopData;35, 70, 100;p;RvDELAY_T_B;Raise delay continuation bet turn and bet river;RvDELAY_T_X;
PostflopHuIpCaller;StatCell;PostflopData;;;RvDELAY_T_X;Raise delay continuation bet turn and check river;RvDELAY_T_B;
PostflopHuIpCaller;StatCell;PostflopData;35, 70, 100;p;FLOATDELAY_R;Call delay continuation bet turn and bet river;FLOATDELAYX_R;
PostflopHuIpCaller;StatCell;PostflopData;;;FLOATDELAYX_R;Call delay continuation bet turn and check river;FLOATDELAY_R;
PostflopHuIpCaller;StatCell;PostflopData;;;FvSDELAY_R;Fold to super delay continuation bet river;CvSDELAY_R;RvSDELAY_R
PostflopHuIpCaller;StatCell;PostflopData;;;CvSDELAY_R;Call super delay continuation bet river;FvSDELAY_R;RvSDELAY_R
PostflopHuIpCaller;StatCell;PostflopData;;;RvSDELAY_R;Raise super delay continuation bet river;CvSDELAY_R;
PostflopHuIpCaller;StatCell;PostflopData;35, 70, 100;p;FLOAT_F;Float bet flop;FLOATX_F;
PostflopHuIpCaller;StatCell;PostflopData;35, 70, 100;p;FLOAT_T;Float bet turn;FLOATX_T;
PostflopHuIpCaller;StatCell;PostflopData;35, 70, 100;p;FLOAT_R;Float bet river;FLOATX_R;
PostflopHuIpCaller;StatCell;PostflopData;;;FLOATX_F;Float check flop;FLOAT_F;
PostflopHuIpCaller;StatCell;PostflopData;;;FLOATX_T;Float check turn;FLOAT_T;
PostflopHuIpCaller;StatCell;PostflopData;;;FLOATX_R;Float check river;FLOAT_R;
PostflopHuIpCaller;StatCell;PostflopData;35, 70, 100;p;FLOAT_F_B;Float bet flop and bet turn;FLOAT_F_X;
PostflopHuIpCaller;StatCell;PostflopData;35, 70, 100;p;FLOAT_F_BB;Float bet flop, bet turn and bet river;FLOAT_F_BX;
PostflopHuIpCaller;StatCell;PostflopData;;;FLOAT_F_X;Float bet flop and check turn;FLOAT_F_B;
PostflopHuIpCaller;StatCell;PostflopData;;;FLOAT_F_BX;Float bet flop, bet turn and check river;FLOAT_F_BB;
PostflopHuIpCaller;StatCell;PostflopData;35, 70, 100;p;FLOAT_F_XB;Float bet flop, check/check turn and bet river;FLOAT_F_XX;
PostflopHuIpCaller;StatCell;PostflopData;;;FLOAT_F_XX;Float bet flop, check/check turn and check river;FLOAT_F_XB;
PostflopHuIpCaller;StatCell;PostflopData;35, 70, 100;p;FLOAT_T_B;Float bet turn and bet river;FLOAT_T_X;
PostflopHuIpCaller;StatCell;PostflopData;;;FLOAT_T_X;Float bet turn and check river;FLOAT_T_B;
PostflopHuIpCaller;StatCell;PostflopData;;;FLOAT_F_F;Float bet/fold flop;FLOAT_C_F;THREEBET_F
PostflopHuIpCaller;StatCell;PostflopData;;;FLOAT_F_T;Float bet/fold turn;FLOAT_C_T;THREEBET_T
PostflopHuIpCaller;StatCell;PostflopData;;;FLOAT_F_R;Float bet/fold river;FLOAT_C_R;THREEBET_R
PostflopHuIpCaller;StatCell;PostflopData;;;FLOAT_C_F;Float bet/call flop;FLOAT_F_F;THREEBET_F
PostflopHuIpCaller;StatCell;PostflopData;;;FLOAT_C_T;Float bet/call turn;FLOAT_F_T;THREEBET_T
PostflopHuIpCaller;StatCell;PostflopData;;;FLOAT_C_R;Float bet/call river;FLOAT_F_R;THREEBET_R
PostflopHuIpCaller;StatCell;PostflopData;;;FLOAT_F_F_B;Float bet/call flop and fold to turn bet;FLOAT_C_F_B;
PostflopHuIpCaller;StatCell;PostflopData;;;FLOAT_F_F_BB;Float bet/call flop, call turn bet and fold to river bet;FLOAT_C_F_BB;
PostflopHuIpCaller;StatCell;PostflopData;;;FLOAT_C_F_B;Float bet/call flop and call turn bet;FLOAT_F_F_B;
PostflopHuIpCaller;StatCell;PostflopData;;;FLOAT_C_F_BB;Float bet/call flop, call turn bet and call river bet;FLOAT_F_F_BB;
PostflopHuIpCaller;StatCell;PostflopData;;;FLOAT_F_F_XB;Float bet/call flop, check/check turn and fold to river bet;FLOAT_C_F_XB;
PostflopHuIpCaller;StatCell;PostflopData;;;FLOAT_C_F_XB;Float bet/call flop, check/check turn and call river bet;FLOAT_F_F_XB;
PostflopHuIpCaller;StatCell;PostflopData;;;FLOAT_F_T_B;Float bet/call turn and fold to river bet;FLOAT_C_T_B;
PostflopHuIpCaller;StatCell;PostflopData;;;FLOAT_C_T_B;Float bet/call turn and call river bet;FLOAT_F_T_B;
PostflopHuIpCaller;StatCell;PostflopData;35, 70, 100;p;DelFLOAT_T;Delay float bet turn;DelFLOATX_T;
PostflopHuIpCaller;StatCell;PostflopData;35, 70, 100;p;DelFLOAT_R;Delay float bet river;DelFLOATX_R;
PostflopHuIpCaller;StatCell;PostflopData;;;DelFLOATX_T;Delay float check turn;DelFLOAT_T;
PostflopHuIpCaller;StatCell;PostflopData;;;DelFLOATX_R;Delay float check river;DelFLOAT_R;
PostflopHuIpCaller;StatCell;PostflopData;35, 70, 100;p;DelFLOAT_T_B;Delay float bet turn and bet river;DelFLOAT_T_X;
PostflopHuIpCaller;StatCell;PostflopData;;;DelFLOAT_T_X;Delay float bet turn and check river;DelFLOAT_T_B;
PostflopHuIpCaller;StatCell;PostflopData;;;DelFLOAT_F_T;Delay float bet/fold turn;DelFLOAT_C_T;THREEBET_T
PostflopHuIpCaller;StatCell;PostflopData;;;DelFLOAT_F_R;Delay float bet/fold river;DelFLOAT_C_R;THREEBET_R
PostflopHuIpCaller;StatCell;PostflopData;;;DelFLOAT_C_T;Delay float bet/call turn;DelFLOAT_F_T;THREEBET_T
PostflopHuIpCaller;StatCell;PostflopData;;;DelFLOAT_C_R;Delay float bet/call river;DelFLOAT_F_R;THREEBET_R
PostflopHuIpCaller;StatCell;PostflopData;;;DelFLOAT_F_T_B;Delay float bet/call turn and fold to river bet;DelFLOAT_C_T_B;
PostflopHuIpCaller;StatCell;PostflopData;;;DelFLOAT_C_T_B;Delay float bet/call turn and call river bet;DelFLOAT_F_T_B;
PostflopHuIpCaller;StatCell;PostflopData;35, 70, 100;p;SDelFLOAT_R;Super delay float bet river;SDelFLOATX_R;
PostflopHuIpCaller;StatCell;PostflopData;;;SDelFLOATX_R;Super delay float check river;SDelFLOAT_R;
PostflopHuIpCaller;StatCell;PostflopData;;;SDelFLOAT_F_R;Super delay float bet/fold river;SDelFLOAT_C_R;THREEBET_R
PostflopHuIpCaller;StatCell;PostflopData;;;SDelFLOAT_C_R;Super delay float bet/call river;SDelFLOAT_F_R;THREEBET_R
PostflopHuIpCaller;StatCell;PostflopData;35, 70, 100;p;Bet_F;Bet flop;;
PostflopHuIpCaller;StatCell;PostflopData;35, 70, 100;p;Bet_T;Bet turn;;
PostflopHuIpCaller;StatCell;PostflopData;35, 70, 100;p;Bet_R;Bet river;;
PostflopHuIpCaller;StatCell;PostflopData;;;Check_F;Check flop;;
PostflopHuIpCaller;StatCell;PostflopData;;;Check_T;Check turn;;
PostflopHuIpCaller;StatCell;PostflopData;;;Check_R;Check river;;
PostflopHuIpCaller;StatCell;PostflopData;;;FvBet_F;Fold to bet flop;;
PostflopHuIpCaller;StatCell;PostflopData;;;FvBet_T;Fold to bet turn;;
PostflopHuIpCaller;StatCell;PostflopData;;;FvBet_R;Fold to bet river;;
PostflopHuIpCaller;StatCell;PostflopData;;;CvBet_F;Call bet flop;;
PostflopHuIpCaller;StatCell;PostflopData;;;CvBet_T;Call bet turn;;
PostflopHuIpCaller;StatCell;PostflopData;;;CvBet_R;Call bet river;;
PostflopHuIpCaller;StatCell;PostflopData;;;Raise_F;Raise flop;;
PostflopHuIpCaller;StatCell;PostflopData;;;Raise_T;Raise turn;;
PostflopHuIpCaller;StatCell;PostflopData;;;Raise_R;Raise river;;
PostflopHuIpCaller;StatCell;PostflopData;;;FvRaise_F;Fold to raise flop;;
PostflopHuIpCaller;StatCell;PostflopData;;;FvRaise_T;Fold to raise turn;;
PostflopHuIpCaller;StatCell;PostflopData;;;FvRaise_R;Fold to raise river;;
PostflopHuIpCaller;StatCell;PostflopData;;;CvRaise_F;Call raise flop;;
PostflopHuIpCaller;StatCell;PostflopData;;;CvRaise_T;Call raise turn;;
PostflopHuIpCaller;StatCell;PostflopData;;;CvRaise_R;Call raise river;;
PostflopHuOopRaiser;StatCell;PostflopData;35, 70, 100;p;CB_F;Continuation bet flop;CX_F;
PostflopHuOopRaiser;StatCell;PostflopData;35, 70, 100;p;CB_T;Continuation bet turn;CX_T;
PostflopHuOopRaiser;StatCell;PostflopData;35, 70, 100;p;CB_R;Continuation bet river;CX_R;
PostflopHuOopRaiser;StatCell;PostflopData;;;CX_F;Continuation check flop;CB_F;
PostflopHuOopRaiser;StatCell;PostflopData;;;CX_T;Continuation check turn;CB_T;
PostflopHuOopRaiser;StatCell;PostflopData;;;CX_R;Continuation check river;CB_R;
PostflopHuOopRaiser;StatCell;PostflopData;;;FCBvR_F;Continuation bet/fold flop;CCBvR_F;THREEBET_F
PostflopHuOopRaiser;StatCell;PostflopData;;;FCBvR_T;Continuation bet/fold turn;CCBvR_T;THREEBET_T
PostflopHuOopRaiser;StatCell;PostflopData;;;FCBvR_R;Continuation bet/fold river;CCBvR_R;THREEBET_R
PostflopHuOopRaiser;StatCell;PostflopData;;;CCBvR_F;Continuation bet/call flop;FCBvR_F;THREEBET_F
PostflopHuOopRaiser;StatCell;PostflopData;;;CCBvR_T;Continuation bet/call turn;FCBvR_T;THREEBET_T
PostflopHuOopRaiser;StatCell;PostflopData;;;CCBvR_R;Continuation bet/call river;FCBvR_R;THREEBET_R
PostflopHuOopRaiser;StatCell;PostflopData;;;FCBvR_F_B;Continuation bet/call flop and fold to turn bet;CCBvR_F_B;
PostflopHuOopRaiser;StatCell;PostflopData;;;FCBvR_F_BB;Continuation bet/call flop, call turn and fold to river bet;CCBvR_F_BB;
PostflopHuOopRaiser;StatCell;PostflopData;;;CCBvR_F_B;Continuation bet/call flop and call turn bet;FCBvR_F_B;
PostflopHuOopRaiser;StatCell;PostflopData;;;CCBvR_F_BB;Continuation bet/call flop, call turn and call river bet;FCBvR_F_BB;
PostflopHuOopRaiser;StatCell;PostflopData;;;FCBvR_F_XB;Continuation bet/call flop, check/check turn and fold to river bet;CCBvR_F_XB;
PostflopHuOopRaiser;StatCell;PostflopData;;;CCBvR_F_XB;Continuation bet/call flop, check/check turn and call river bet;FCBvR_F_XB;
PostflopHuOopRaiser;StatCell;PostflopData;;;FCBvR_T_B;Continuation bet/call turn and fold to river bet;CCBvR_T_B;
PostflopHuOopRaiser;StatCell;PostflopData;;;CCBvR_T_B;Continuation bet/call turn and call river bet;FCBvR_T_B;
PostflopHuOopRaiser;StatCell;PostflopData;;;THREEBET_F;3 bet flop;;
PostflopHuOopRaiser;StatCell;PostflopData;;;THREEBET_T;3 bet turn;;
PostflopHuOopRaiser;StatCell;PostflopData;;;THREEBET_R;3 bet river;;
PostflopHuOopRaiser;StatCell;PostflopData;;;FvTHREEBET_F;Fold to 3 bet flop;CvTHREEBET_F;FOURBET_F
PostflopHuOopRaiser;StatCell;PostflopData;;;FvTHREEBET_T;Fold to 3 bet turn;CvTHREEBET_T;FOURBET_T
PostflopHuOopRaiser;StatCell;PostflopData;;;FvTHREEBET_R;Fold to 3 bet river;CvTHREEBET_R;FOURBET_R
PostflopHuOopRaiser;StatCell;PostflopData;;;CvTHREEBET_F;Call 3 bet flop;FvTHREEBET_F;FOURBET_F
PostflopHuOopRaiser;StatCell;PostflopData;;;CvTHREEBET_T;Call 3 bet turn;FvTHREEBET_T;FOURBET_T
PostflopHuOopRaiser;StatCell;PostflopData;;;CvTHREEBET_R;Call 3 bet river;FvTHREEBET_R;FOURBET_R
PostflopHuOopRaiser;StatCell;PostflopData;;;FOURBET_F;4 bet flop;CvTHREEBET_F;
PostflopHuOopRaiser;StatCell;PostflopData;;;FOURBET_T;4 bet turn;CvTHREEBET_T;
PostflopHuOopRaiser;StatCell;PostflopData;;;FOURBET_R;4 bet river;CvTHREEBET_R;
PostflopHuOopRaiser;StatCell;PostflopData;35, 70, 100;p;DELAY_T;Delay continuation bet turn;DELAYX_T;
PostflopHuOopRaiser;StatCell;PostflopData;35, 70, 100;p;DELAY_R;Delay continuation bet river;DELAYX_R;
PostflopHuOopRaiser;StatCell;PostflopData;;;DELAYX_T;Delay continuation check turn;DELAY_T;
PostflopHuOopRaiser;StatCell;PostflopData;;;DELAYX_R;Delay continuation check river;DELAY_R;
PostflopHuOopRaiser;StatCell;PostflopData;;;DELAY_F_T;Delay bet/fold turn;DELAY_C_T;THREEBET_T
PostflopHuOopRaiser;StatCell;PostflopData;;;DELAY_F_R;Delay bet/fold river;DELAY_C_R;THREEBET_R
PostflopHuOopRaiser;StatCell;PostflopData;;;DELAY_C_T;Delay bet/call turn;DELAY_F_T;THREEBET_T
PostflopHuOopRaiser;StatCell;PostflopData;;;DELAY_C_R;Delay bet/call river;DELAY_F_R;THREEBET_R
PostflopHuOopRaiser;StatCell;PostflopData;35, 70, 100;p;DELAY_T_B;Delay continuation bet turn and bet river;DELAY_T_X;
PostflopHuOopRaiser;StatCell;PostflopData;;;DELAY_T_X;Delay continuation bet turn and check river;DELAY_T_B;
PostflopHuOopRaiser;StatCell;PostflopData;;;DELAY_F_T_B;Delay continuation bet/call turn and fold to river bet;DELAY_C_T_B;
PostflopHuOopRaiser;StatCell;PostflopData;;;DELAY_C_T_B;Delay continuation bet/call turn and call river bet;DELAY_F_T_B;
PostflopHuOopRaiser;StatCell;PostflopData;;;FvFLOATDELAY_R;Delay continuation bet turn and fold to river bet;CvFLOATDELAY_R;
PostflopHuOopRaiser;StatCell;PostflopData;;;CvFLOATDELAY_R;Delay continuation bet turn and call river bet;FvFLOATDELAY_R;
PostflopHuOopRaiser;StatCell;PostflopData;35, 70, 100;p;SDELAY_R;Super delay continuation bet river;SDELAYX_R;
PostflopHuOopRaiser;StatCell;PostflopData;;;SDELAYX_R;Super delay continuation check river;SDELAY_R;
PostflopHuOopRaiser;StatCell;PostflopData;;;SDELAY_F_R;Super delay continuation bet/fold river;SDELAY_C_R;THREEBET_R
PostflopHuOopRaiser;StatCell;PostflopData;;;SDELAY_C_R;Super delay continuation bet/call river;SDELAY_F_R;THREEBET_R
PostflopHuOopRaiser;StatCell;PostflopData;;;FvFLOAT_F;Fold to float bet flop;CvFLOAT_F;RvFLOAT_F
PostflopHuOopRaiser;StatCell;PostflopData;;;FvFLOAT_T;Fold to float bet turn;CvFLOAT_T;RvFLOAT_T
PostflopHuOopRaiser;StatCell;PostflopData;;;FvFLOAT_R;Fold to float bet river;CvFLOAT_R;RvFLOAT_R
PostflopHuOopRaiser;StatCell;PostflopData;;;CvFLOAT_F;Call float bet flop;FvFLOAT_F;
PostflopHuOopRaiser;StatCell;PostflopData;;;CvFLOAT_T;Call float bet turn;FvFLOAT_T;
PostflopHuOopRaiser;StatCell;PostflopData;;;CvFLOAT_R;Call float bet river;FvFLOAT_R;
PostflopHuOopRaiser;StatCell;PostflopData;;;FvFLOAT_F_B;Call float bet flop and fold to turn bet;CvFLOAT_F_B;
PostflopHuOopRaiser;StatCell;PostflopData;;;FvFLOAT_F_BB;Call float bet flop, call turn and fold to river bet;CvFLOAT_F_BB;
PostflopHuOopRaiser;StatCell;PostflopData;;;CvFLOAT_F_B;Call float bet flop and call turn bet;FvFLOAT_F_B;
PostflopHuOopRaiser;StatCell;PostflopData;;;CvFLOAT_F_BB;Call float bet flop, call turn and call river bet;FvFLOAT_F_BB;
PostflopHuOopRaiser;StatCell;PostflopData;;;FvFLOAT_F_XB;Call float bet flop, check/check turn and fold to river bet;CvFLOAT_F_XB;
PostflopHuOopRaiser;StatCell;PostflopData;;;CvFLOAT_F_XB;Call float bet flop, check/check turn and call river bet;FvFLOAT_F_XB;
PostflopHuOopRaiser;StatCell;PostflopData;;;FvFLOAT_T_B;Call float bet turn and fold to river bet;CvFLOAT_T_B;
PostflopHuOopRaiser;StatCell;PostflopData;;;CvFLOAT_T_B;Call float bet turn and call river bet;FvFLOAT_T_B;
PostflopHuOopRaiser;StatCell;PostflopData;;;RvFLOAT_F;Raise float bet flop;CvFLOAT_F;
PostflopHuOopRaiser;StatCell;PostflopData;;;RvFLOAT_T;Raise float bet turn;CvFLOAT_T;
PostflopHuOopRaiser;StatCell;PostflopData;;;RvFLOAT_R;Raise float bet river;CvFLOAT_R;
PostflopHuOopRaiser;StatCell;PostflopData;35, 70, 100;p;RvFLOAT_F_B;Raise float bet flop and bet turn;RvFLOAT_F_X;
PostflopHuOopRaiser;StatCell;PostflopData;35, 70, 100;p;RvFLOAT_F_BB;Raise float bet flop, bet turn and bet river;RvFLOAT_F_BX;
PostflopHuOopRaiser;StatCell;PostflopData;;;RvFLOAT_F_X;Raise float bet flop and check turn;RvFLOAT_F_B;
PostflopHuOopRaiser;StatCell;PostflopData;;;RvFLOAT_F_BX;Raise float bet flop, bet turn and check river;RvFLOAT_F_BB;
PostflopHuOopRaiser;StatCell;PostflopData;35, 70, 100;p;RvFLOAT_F_XB;Raise float bet flop, check/check turn and bet river;RvFLOAT_F_XX;
PostflopHuOopRaiser;StatCell;PostflopData;;;RvFLOAT_F_XX;Raise float bet flop, check/check turn and check river;RvFLOAT_F_XB;
PostflopHuOopRaiser;StatCell;PostflopData;35, 70, 100;p;RvFLOAT_T_B;Raise float bet turn and bet river;RvFLOAT_T_X;
PostflopHuOopRaiser;StatCell;PostflopData;;;RvFLOAT_T_X;Raise float bet turn and check river;RvFLOAT_T_B;
PostflopHuOopRaiser;StatCell;PostflopData;;;FvDelFLOAT_T;Fold to delay float bet turn;CvDelFLOAT_T;RvDelFLOAT_T
PostflopHuOopRaiser;StatCell;PostflopData;;;FvDelFLOAT_R;Fold to delay float bet river;CvDelFLOAT_R;RvDelFLOAT_R
PostflopHuOopRaiser;StatCell;PostflopData;;;CvDelFLOAT_T;Call delay float bet turn;FvDelFLOAT_T;
PostflopHuOopRaiser;StatCell;PostflopData;;;CvDelFLOAT_R;Call delay float bet river;FvDelFLOAT_R;
PostflopHuOopRaiser;StatCell;PostflopData;;;FvDelFLOAT_T_B;Call delay float bet turn and fold to river bet;CvDelFLOAT_T_B;
PostflopHuOopRaiser;StatCell;PostflopData;;;CvDelFLOAT_T_B;Call delay float bet turn and call river bet;FvDelFLOAT_T_B;
PostflopHuOopRaiser;StatCell;PostflopData;;;RvDelFLOAT_T;Raise delay float bet turn;CvDelFLOAT_T;
PostflopHuOopRaiser;StatCell;PostflopData;;;RvDelFLOAT_R;Raise delay float bet river;CvDelFLOAT_R;
PostflopHuOopRaiser;StatCell;PostflopData;35, 70, 100;p;RvDelFLOAT_T_B;Raise delay float bet turn and bet river;RvDelFLOAT_T_X;
PostflopHuOopRaiser;StatCell;PostflopData;;;RvDelFLOAT_T_X;Raise delay float bet turn and check river;RvDelFLOAT_T_B;
PostflopHuOopRaiser;StatCell;PostflopData;;;FvSDelFLOAT_R;Fold to super delay float bet river;CvSDelFLOAT_R;RvSDelFLOAT_R
PostflopHuOopRaiser;StatCell;PostflopData;;;CvSDelFLOAT_R;Call super delay float bet river;FvSDelFLOAT_R;
PostflopHuOopRaiser;StatCell;PostflopData;;;RvSDelFLOAT_R;Raise super delay float bet river;CvSDelFLOAT_R;
PostflopHuOopRaiser;StatCell;PostflopData;35, 70, 100;p;Bet_F;Bet flop;;
PostflopHuOopRaiser;StatCell;PostflopData;35, 70, 100;p;Bet_T;Bet turn;;
PostflopHuOopRaiser;StatCell;PostflopData;35, 70, 100;p;Bet_R;Bet river;;
PostflopHuOopRaiser;StatCell;PostflopData;;;Check_F;Check flop;;
PostflopHuOopRaiser;StatCell;PostflopData;;;Check_T;Check turn;;
PostflopHuOopRaiser;StatCell;PostflopData;;;Check_R;Check river;;
PostflopHuOopRaiser;StatCell;PostflopData;;;FvBet_F;Fold to bet flop;;
PostflopHuOopRaiser;StatCell;PostflopData;;;FvBet_T;Fold to bet turn;;
PostflopHuOopRaiser;StatCell;PostflopData;;;FvBet_R;Fold to bet river;;
PostflopHuOopRaiser;StatCell;PostflopData;;;CvBet_F;Call bet flop;;
PostflopHuOopRaiser;StatCell;PostflopData;;;CvBet_T;Call bet turn;;
PostflopHuOopRaiser;StatCell;PostflopData;;;CvBet_R;Call bet river;;
PostflopHuOopRaiser;StatCell;PostflopData;;;Raise_F;Raise flop;;
PostflopHuOopRaiser;StatCell;PostflopData;;;Raise_T;Raise turn;;
PostflopHuOopRaiser;StatCell;PostflopData;;;Raise_R;Raise river;;
PostflopHuOopRaiser;StatCell;PostflopData;;;FvRaise_F;Fold to raise flop;;
PostflopHuOopRaiser;StatCell;PostflopData;;;FvRaise_T;Fold to raise turn;;
PostflopHuOopRaiser;StatCell;PostflopData;;;FvRaise_R;Fold to raise river;;
PostflopHuOopRaiser;StatCell;PostflopData;;;CvRaise_F;Call raise flop;;
PostflopHuOopRaiser;StatCell;PostflopData;;;CvRaise_T;Call raise turn;;
PostflopHuOopRaiser;StatCell;PostflopData;;;CvRaise_R;Call raise river;;
PostflopHuOopCaller;StatCell;PostflopData;;;FvCB_F;Fold to continuation bet flop;CvCB_F;RvCB_F
PostflopHuOopCaller;StatCell;PostflopData;;;FvCB_T;Fold to continuation bet turn;CvCB_T;RvCB_T
PostflopHuOopCaller;StatCell;PostflopData;;;FvCB_R;Fold to continuation bet river;CvCB_R;RvCB_R
PostflopHuOopCaller;StatCell;PostflopData;;;CvCB_F;Call continuation bet flop;FvCB_F;RvCB_F
PostflopHuOopCaller;StatCell;PostflopData;;;CvCB_T;Call continuation bet turn;FvCB_T;RvCB_T
PostflopHuOopCaller;StatCell;PostflopData;;;CvCB_R;Call continuation bet river;FvCB_R;RvCB_R
PostflopHuOopCaller;StatCell;PostflopData;;;RvCB_F;Raise continuation bet flop;CvCB_F;
PostflopHuOopCaller;StatCell;PostflopData;;;RvCB_T;Raise continuation bet turn;CvCB_T;
PostflopHuOopCaller;StatCell;PostflopData;;;RvCB_R;Raise continuation bet river;CvCB_R;
PostflopHuOopCaller;StatCell;PostflopData;35, 70, 100;p;RvCB_F_B;Raise continuation bet flop and bet turn;RvCB_F_X;
PostflopHuOopCaller;StatCell;PostflopData;35, 70, 100;p;RvCB_F_BB;Raise continuation bet flop, bet turn and bet river;RvCB_F_BX;
PostflopHuOopCaller;StatCell;PostflopData;;;RvCB_F_X;Raise continuation bet flop and check turn;RvCB_F_B;
PostflopHuOopCaller;StatCell;PostflopData;;;RvCB_F_BX;Raise continuation bet flop, bet turn and check river;RvCB_F_BB;
PostflopHuOopCaller;StatCell;PostflopData;35, 70, 100;p;RvCB_F_XB;Raise continuation bet flop, check/check turn and bet river;RvCB_F_XX;
PostflopHuOopCaller;StatCell;PostflopData;;;RvCB_F_XX;Raise continuation bet flop, check/check turn and check river;RvCB_F_XB;
PostflopHuOopCaller;StatCell;PostflopData;35, 70, 100;p;RvCB_T_B;Raise continuation bet turn and bet river;RvCB_T_X;
PostflopHuOopCaller;StatCell;PostflopData;;;RvCB_T_X;Raise continuation bet turn and check river;RvCB_T_B;
PostflopHuOopCaller;StatCell;PostflopData;;;FvFLOATXRCB_T;Check/raise continuation bet on flop and check/fold to turn bet;CvFLOATXRCB_T;
PostflopHuOopCaller;StatCell;PostflopData;;;FvFLOATXRCB_R;Check/raise continuation bet on turn and check/fold to river bet;CvFLOATXRCB_R;
PostflopHuOopCaller;StatCell;PostflopData;;;CvFLOATXRCB_T;Check/raise continuation bet on flop and check/call turn bet;FvFLOATXRCB_T;
PostflopHuOopCaller;StatCell;PostflopData;;;CvFLOATXRCB_R;Check/raise continuation bet on turn and check/call river bet;FvFLOATXRCB_R;
PostflopHuOopCaller;StatCell;PostflopData;;;FvFLOATXRCB_T_B;Check/raise continuation bet on turn, check/call turn bet and check/fold to river bet;CvFLOATXRCB_T_B;
PostflopHuOopCaller;StatCell;PostflopData;;;CvFLOATXRCB_T_B;Check/raise continuation bet on turn, check/call turn bet and check/call river bet;FvFLOATXRCB_T_B;
PostflopHuOopCaller;StatCell;PostflopData;;;FvDelFLOATXRCB_R;Check/raise continuation bet on flop, check/check on turn and check/fold to river bet;CvDelFLOATXRCB_R;
PostflopHuOopCaller;StatCell;PostflopData;;;CvDelFLOATXRCB_R;Check/raise continuation bet on flop, check/check on turn and check/call river bet;FvDelFLOATXRCB_R;
PostflopHuOopCaller;StatCell;PostflopData;;;FvDblFLOATXRCB_R;Check/raise continuation bet on flop, bet turn and check/fold to river bet;CvDblFLOATXRCB_R;
PostflopHuOopCaller;StatCell;PostflopData;;;CvDblFLOATXRCB_R;Check/raise continuation bet on flop, bet turn and check/call river bet;FvDblFLOATXRCB_R;
PostflopHuOopCaller;StatCell;PostflopData;;;THREEBET_F;3 bet flop;;
PostflopHuOopCaller;StatCell;PostflopData;;;THREEBET_T;3 bet turn;;
PostflopHuOopCaller;StatCell;PostflopData;;;THREEBET_R;3 bet river;;
PostflopHuOopCaller;StatCell;PostflopData;;;FvTHREEBET_F;Fold to 3 bet flop;CvTHREEBET_F;FOURBET_F
PostflopHuOopCaller;StatCell;PostflopData;;;FvTHREEBET_T;Fold to 3 bet turn;CvTHREEBET_T;FOURBET_T
PostflopHuOopCaller;StatCell;PostflopData;;;FvTHREEBET_R;Fold to 3 bet river;CvTHREEBET_R;FOURBET_R
PostflopHuOopCaller;StatCell;PostflopData;;;CvTHREEBET_F;Call 3 bet flop;FvTHREEBET_F;FOURBET_F
PostflopHuOopCaller;StatCell;PostflopData;;;CvTHREEBET_T;Call 3 bet turn;FvTHREEBET_T;FOURBET_T
PostflopHuOopCaller;StatCell;PostflopData;;;CvTHREEBET_R;Call 3 bet river;FvTHREEBET_R;FOURBET_R
PostflopHuOopCaller;StatCell;PostflopData;;;FOURBET_F;4 bet flop;CvTHREEBET_F;
PostflopHuOopCaller;StatCell;PostflopData;;;FOURBET_T;4 bet turn;CvTHREEBET_T;
PostflopHuOopCaller;StatCell;PostflopData;;;FOURBET_R;4 bet river;CvTHREEBET_R;
PostflopHuOopCaller;StatCell;PostflopData;;;FvDELAY_T;Fold to delay continuation bet turn;CvDELAY_T;RvDELAY_T
PostflopHuOopCaller;StatCell;PostflopData;;;FvDELAY_R;Fold to delay continuation bet river;CvDELAY_R;RvDELAY_R
PostflopHuOopCaller;StatCell;PostflopData;;;CvDELAY_T;Call delay continuation bet turn;FvDELAY_T;RvDELAY_T
PostflopHuOopCaller;StatCell;PostflopData;;;CvDELAY_R;Call delay continuation bet river;FvDELAY_R;RvDELAY_R
PostflopHuOopCaller;StatCell;PostflopData;;;FvDELAY_T_B;Call delay continuation bet turn and fold to bet river;CvDELAY_T_B;
PostflopHuOopCaller;StatCell;PostflopData;;;CvDELAY_T_B;Call delay continuation bet turn and call bet river;FvDELAY_T_B;
PostflopHuOopCaller;StatCell;PostflopData;;;RvDELAY_T;Raise delay continuation bet turn;CvDELAY_T;
PostflopHuOopCaller;StatCell;PostflopData;;;RvDELAY_R;Raise delay continuation bet river;CvDELAY_R;
PostflopHuOopCaller;StatCell;PostflopData;35, 70, 100;p;RvDELAY_T_B;Raise delay continuation bet turn and bet river;RvDELAY_T_X;
PostflopHuOopCaller;StatCell;PostflopData;;;RvDELAY_T_X;Raise delay continuation bet turn and check river;RvDELAY_T_B;
PostflopHuOopCaller;StatCell;PostflopData;;;FvFLOATXRDELAY_R;Check/raise delay continuation bet on turn and check/fold to river bet;CvFLOATXRDELAY_R;
PostflopHuOopCaller;StatCell;PostflopData;;;CvFLOATXRDELAY_R;Check/raise delay continuation bet on turn and check/call river bet;FvFLOATXRDELAY_R;
PostflopHuOopCaller;StatCell;PostflopData;;;FvSDELAY_R;Fold to super delay continuation bet river;CvSDELAY_R;RvSDELAY_R
PostflopHuOopCaller;StatCell;PostflopData;;;CvSDELAY_R;Call super delay continuation bet river;FvSDELAY_R;RvSDELAY_R
PostflopHuOopCaller;StatCell;PostflopData;;;RvSDELAY_R;Raise super delay continuation bet river;CvSDELAY_R;
PostflopHuOopCaller;StatCell;PostflopData;35, 70, 100;p;DONK_F;Donk bet flop;DONKX_F;
PostflopHuOopCaller;StatCell;PostflopData;35, 70, 100;p;DONK_T;Donk bet turn;DONKX_T;
PostflopHuOopCaller;StatCell;PostflopData;35, 70, 100;p;DONK_R;Donk bet river;DONKX_R;
PostflopHuOopCaller;StatCell;PostflopData;;;DONKX_F;Donk check flop;DONK_F;
PostflopHuOopCaller;StatCell;PostflopData;;;DONKX_T;Donk check turn;DONK_T;
PostflopHuOopCaller;StatCell;PostflopData;;;DONKX_R;Donk check river;DONK_R;
PostflopHuOopCaller;StatCell;PostflopData;;;DONK_F_F;Donk bet/fold flop;DONK_C_F;THREEBET_F
PostflopHuOopCaller;StatCell;PostflopData;;;DONK_F_T;Donk bet/fold turn;DONK_C_T;THREEBET_T
PostflopHuOopCaller;StatCell;PostflopData;;;DONK_F_R;Donk bet/fold river;DONK_C_R;THREEBET_R
PostflopHuOopCaller;StatCell;PostflopData;;;DONK_C_F;Donk bet/call flop;DONK_F_F;THREEBET_F
PostflopHuOopCaller;StatCell;PostflopData;;;DONK_C_T;Donk bet/call turn;DONK_F_T;THREEBET_T
PostflopHuOopCaller;StatCell;PostflopData;;;DONK_C_R;Donk bet/call river;DONK_F_R;THREEBET_R
PostflopHuOopCaller;StatCell;PostflopData;35, 70, 100;p;DONK_F_B;Donk bet flop and bet turn;DONK_F_X;
PostflopHuOopCaller;StatCell;PostflopData;35, 70, 100;p;DONK_F_BB;Donk bet flop, bet turn and bet river;DONK_F_BX;
PostflopHuOopCaller;StatCell;PostflopData;;;DONK_F_X;Donk bet flop and check turn;DONK_F_B;
PostflopHuOopCaller;StatCell;PostflopData;;;DONK_F_BX;Donk bet flop, bet turn and check river;DONK_F_BB;
PostflopHuOopCaller;StatCell;PostflopData;;;DONK_F_F_B;Donk bet/call flop and fold to turn bet;DONK_C_F_B;
PostflopHuOopCaller;StatCell;PostflopData;;;DONK_F_F_BB;Donk bet/call flop, call turn bet and fold to river bet;DONK_C_F_BB;
PostflopHuOopCaller;StatCell;PostflopData;;;DONK_C_F_B;Donk bet/call flop and call turn bet;DONK_F_F_B;
PostflopHuOopCaller;StatCell;PostflopData;;;DONK_C_F_BB;Donk bet/call flop, call turn bet and call river bet;DONK_F_F_BB;
PostflopHuOopCaller;StatCell;PostflopData;35, 70, 100;p;DONK_F_XB;Donk bet flop, check/check turn and bet river;DONK_F_XX;
PostflopHuOopCaller;StatCell;PostflopData;;;DONK_F_XX;Donk bet flop, check/check turn and check river;DONK_F_XB;
PostflopHuOopCaller;StatCell;PostflopData;;;DONK_F_F_XB;Donk bet/call flop, check/check turn and fold to river bet;DONK_C_F_XB;
PostflopHuOopCaller;StatCell;PostflopData;;;DONK_C_F_XB;Donk bet/call flop, check/check turn and call river bet;DONK_F_F_XB;
PostflopHuOopCaller;StatCell;PostflopData;35, 70, 100;p;DONK_T_B;Donk bet turn and bet river;DONK_T_X;
PostflopHuOopCaller;StatCell;PostflopData;;;DONK_T_X;Donk bet turn and check river;DONK_T_B;
PostflopHuOopCaller;StatCell;PostflopData;;;DONK_F_T_B;Donk bet/call turn and fold to river bet;DONK_C_T_B;
PostflopHuOopCaller;StatCell;PostflopData;;;DONK_C_T_B;Donk bet/call turn and call river bet;DONK_F_T_B;
PostflopHuOopCaller;StatCell;PostflopData;;;FvFLOATDONK_T;Donk bet flop and fold to turn bet;CvFLOATDONK_T;
PostflopHuOopCaller;StatCell;PostflopData;;;FvFLOATDONK_R;Donk bet turn and fold to river bet;CvFLOATDONK_R;
PostflopHuOopCaller;StatCell;PostflopData;;;CvFLOATDONK_T;Donk bet flop and call turn bet;FvFLOATDONK_T;
PostflopHuOopCaller;StatCell;PostflopData;;;CvFLOATDONK_R;Donk bet turn and call river bet;FvFLOATDONK_R;
PostflopHuOopCaller;StatCell;PostflopData;;;FvFLOATDONK_T_B;Donk bet flop, check/call turn bet and fold to river bet;CvFLOATDONK_T_B;
PostflopHuOopCaller;StatCell;PostflopData;;;CvFLOATDONK_T_B;Donk bet flop, check/call turn bet and call river bet;FvFLOATDONK_T_B;
PostflopHuOopCaller;StatCell;PostflopData;;;FvDelFLOATDONK_R;Donk bet flop, check/check turn and fold to river bet;CvDelFLOATDONK_R;
PostflopHuOopCaller;StatCell;PostflopData;;;CvDelFLOATDONK_R;Donk bet flop, check/check turn and call river bet;FvDelFLOATDONK_R;
PostflopHuOopCaller;StatCell;PostflopData;;;FvDblFLOATDONK_R;Donk bet flop, bet turn and check/fold to river bet;CvDblFLOATDONK_R;
PostflopHuOopCaller;StatCell;PostflopData;;;CvDblFLOATDONK_R;Donk bet flop, bet turn and check/call river bet;FvDblFLOATDONK_R;
PostflopHuOopCaller;StatCell;PostflopData;35, 70, 100;p;DONKDELAY_R;Check/call delay continuation bet turn and bet river;DONKDELAYX_R;
PostflopHuOopCaller;StatCell;PostflopData;;;DONKDELAYX_R;Check/call delay continuation bet turn and check river;DONKDELAY_R;
PostflopHuOopCaller;StatCell;PostflopData;;;DONKDELAY_F_R;Check/call delay continuation bet turn and bet/fold river;DONKDELAY_C_R;THREEBET_R
PostflopHuOopCaller;StatCell;PostflopData;;;DONKDELAY_C_R;Check/call delay continuation bet turn and bet/call river;DONKDELAY_F_R;THREEBET_R
PostflopHuOopCaller;StatCell;PostflopData;35, 70, 100;p;PROBE_T;Probet turn;PROBEX_T;
PostflopHuOopCaller;StatCell;PostflopData;35, 70, 100;p;PROBE_R;Probet river;PROBEX_R;
PostflopHuOopCaller;StatCell;PostflopData;;;PROBEX_T;Probe check turn;PROBE_T;
PostflopHuOopCaller;StatCell;PostflopData;;;PROBEX_R;Probe check river;PROBE_R;
PostflopHuOopCaller;StatCell;PostflopData;35, 70, 100;p;PROBE_T_B;Probet turn and bet river;PROBE_T_X;
PostflopHuOopCaller;StatCell;PostflopData;;;PROBE_T_X;Probet turn and check river;PROBE_T_B;
PostflopHuOopCaller;StatCell;PostflopData;;;PROBE_F_T;Probet/fold turn;PROBE_C_T;THREEBET_T
PostflopHuOopCaller;StatCell;PostflopData;;;PROBE_F_R;Probet/fold river;PROBE_C_R;THREEBET_R
PostflopHuOopCaller;StatCell;PostflopData;;;PROBE_C_T;Probet/call turn;PROBE_F_T;THREEBET_T
PostflopHuOopCaller;StatCell;PostflopData;;;PROBE_C_R;Probet/call river;PROBE_F_R;THREEBET_R
PostflopHuOopCaller;StatCell;PostflopData;;;PROBE_F_T_B;Probet/call turn and fold to river bet;PROBE_C_T_B;
PostflopHuOopCaller;StatCell;PostflopData;;;PROBE_C_T_B;Probet/call turn and call river bet;PROBE_F_T_B;
PostflopHuOopCaller;StatCell;PostflopData;;;FvFLOATPROBE_R;Probet turn and fold to river bet;CvFLOATPROBE_R;
PostflopHuOopCaller;StatCell;PostflopData;;;CvFLOATPROBE_R;Probet turn and call river bet;FvFLOATPROBE_R;
PostflopHuOopCaller;StatCell;PostflopData;35, 70, 100;p;SPROBE_R;Super probet river;SPROBEX_R;
PostflopHuOopCaller;StatCell;PostflopData;;;SPROBEX_R;Super probe check river;SPROBE_R;
PostflopHuOopCaller;StatCell;PostflopData;;;SPROBE_F_R;Super probet/fold river;SPROBE_C_R;THREEBET_R
PostflopHuOopCaller;StatCell;PostflopData;;;SPROBE_C_R;Super probet/call river;SPROBE_F_R;THREEBET_R
PostflopHuOopCaller;StatCell;PostflopData;35, 70, 100;p;Bet_F;Bet flop;;
PostflopHuOopCaller;StatCell;PostflopData;35, 70, 100;p;Bet_T;Bet turn;;
PostflopHuOopCaller;StatCell;PostflopData;35, 70, 100;p;Bet_R;Bet river;;
PostflopHuOopCaller;StatCell;PostflopData;;;Check_F;Check flop;;
PostflopHuOopCaller;StatCell;PostflopData;;;Check_T;Check turn;;
PostflopHuOopCaller;StatCell;PostflopData;;;Check_R;Check river;;
PostflopHuOopCaller;StatCell;PostflopData;;;FvBet_F;Fold to bet flop;;
PostflopHuOopCaller;StatCell;PostflopData;;;FvBet_T;Fold to bet turn;;
PostflopHuOopCaller;StatCell;PostflopData;;;FvBet_R;Fold to bet river;;
PostflopHuOopCaller;StatCell;PostflopData;;;CvBet_F;Call bet flop;;
PostflopHuOopCaller;StatCell;PostflopData;;;CvBet_T;Call bet turn;;
PostflopHuOopCaller;StatCell;PostflopData;;;CvBet_R;Call bet river;;
PostflopHuOopCaller;StatCell;PostflopData;;;Raise_F;Raise flop;;
PostflopHuOopCaller;StatCell;PostflopData;;;Raise_T;Raise turn;;
PostflopHuOopCaller;StatCell;PostflopData;;;Raise_R;Raise river;;
PostflopHuOopCaller;StatCell;PostflopData;;;FvRaise_F;Fold to raise flop;;
PostflopHuOopCaller;StatCell;PostflopData;;;FvRaise_T;Fold to raise turn;;
PostflopHuOopCaller;StatCell;PostflopData;;;FvRaise_R;Fold to raise river;;
PostflopHuOopCaller;StatCell;PostflopData;;;CvRaise_F;Call raise flop;;
PostflopHuOopCaller;StatCell;PostflopData;;;CvRaise_T;Call raise turn;;
PostflopHuOopCaller;StatCell;PostflopData;;;CvRaise_R;Call raise river;;
PostflopGeneral;StatCell;PostflopData;35, 70, 100;p;Bet_F;Bet flop;Check_F;
PostflopGeneral;StatCell;PostflopData;35, 70, 100;p;Bet_T;Bet turn;Check_T;
PostflopGeneral;StatCell;PostflopData;35, 70, 100;p;Bet_R;Bet river;Check_R;
PostflopGeneral;StatCell;PostflopData;;;Check_F;Check flop;Bet_F;
PostflopGeneral;StatCell;PostflopData;;;Check_T;Check turn;Bet_T;
PostflopGeneral;StatCell;PostflopData;;;Check_R;Check river;Bet_R;
PostflopGeneral;StatCell;PostflopData;;;FvBet_F;Fold to bet flop;CvBet_F;Raise_F
PostflopGeneral;StatCell;PostflopData;;;FvBet_T;Fold to bet turn;CvBet_T;Raise_T
PostflopGeneral;StatCell;PostflopData;;;FvBet_R;Fold to bet river;CvBet_R;Raise_R
PostflopGeneral;StatCell;PostflopData;;;CvBet_F;Call bet flop;FvBet_F;Raise_F
PostflopGeneral;StatCell;PostflopData;;;CvBet_T;Call bet turn;FvBet_T;Raise_T
PostflopGeneral;StatCell;PostflopData;;;CvBet_R;Call bet river;FvBet_R;Raise_R
PostflopGeneral;StatCell;PostflopData;;;Raise_F;Raise flop;CvBet_F;
PostflopGeneral;StatCell;PostflopData;;;Raise_T;Raise turn;CvBet_T;
PostflopGeneral;StatCell;PostflopData;;;Raise_R;Raise river;CvBet_R;
PostflopGeneral;StatCell;PostflopData;;;FvRaise_F;Fold to raise flop;CvRaise_F;ThreeBet_F
PostflopGeneral;StatCell;PostflopData;;;FvRaise_T;Fold to raise turn;CvRaise_T;ThreeBet_T
PostflopGeneral;StatCell;PostflopData;;;FvRaise_R;Fold to raise river;CvRaise_R;ThreeBet_R
PostflopGeneral;StatCell;PostflopData;;;CvRaise_F;Call raise flop;FvRaise_F;ThreeBet_F
PostflopGeneral;StatCell;PostflopData;;;CvRaise_T;Call raise turn;FvRaise_T;ThreeBet_T
PostflopGeneral;StatCell;PostflopData;;;CvRaise_R;Call raise river;FvRaise_R;ThreeBet_R
PostflopGeneral;StatCell;PostflopData;;;ThreeBet_F;3 bet flop;CvRaise_F;
PostflopGeneral;StatCell;PostflopData;;;ThreeBet_T;3 bet turn;CvRaise_T;
PostflopGeneral;StatCell;PostflopData;;;ThreeBet_R;3 bet river;CvRaise_R;
PostflopGeneral;StatCell;PostflopData;;;FvThreeBet_F;Fold to 3 bet flop;CvThreeBet_F;FourBet_F
PostflopGeneral;StatCell;PostflopData;;;FvThreeBet_T;Fold to 3 bet turn;CvThreeBet_T;FourBet_T
PostflopGeneral;StatCell;PostflopData;;;FvThreeBet_R;Fold to 3 bet river;CvThreeBet_R;FourBet_R
PostflopGeneral;StatCell;PostflopData;;;CvThreeBet_F;Call 3 bet flop;FvThreeBet_F;FourBet_F
PostflopGeneral;StatCell;PostflopData;;;CvThreeBet_T;Call 3 bet turn;FvThreeBet_T;FourBet_T
PostflopGeneral;StatCell;PostflopData;;;CvThreeBet_R;Call 3 bet river;FvThreeBet_R;FourBet_R
PostflopGeneral;StatCell;PostflopData;;;FourBet_F;4 bet flop;CvThreeBet_F;
PostflopGeneral;StatCell;PostflopData;;;FourBet_T;4 bet turn;CvThreeBet_T;
PostflopGeneral;StatCell;PostflopData;;;FourBet_R;4 bet river;CvThreeBet_R;
