Game type;Round;Position;Relative position;Opponent position;Players on flop;Preflop pot type;Preflop actions;Other players acted;Set type;Cell name;Stat default value;Main group dflt values;Sg1 dflt vals;Sg2 dflt vals;Sg3 dflt vals;Sg4 dflt vals
Hu;Any;Any;Any;Any;Any;Any;Any;Any;General;Vpip;51.129177;;;;;
Hu;Any;Any;Any;Any;Any;Any;Any;Any;General;Pfr;38.969257;;;;;
Hu;Any;Any;Any;Any;Any;Any;Any;Any;General;AggFq_F;29.691212;;;;;
Hu;Any;Any;Any;Any;Any;Any;Any;Any;General;AggFq_T;24.793388;;;;;
Hu;Any;Any;Any;Any;Any;Any;Any;Any;General;AggFq_R;35.03185;;;;;
Hu;Any;Any;Any;Any;Any;Any;Any;Any;General;WentToSd;27.607363;;;;;
SixMax;Any;Any;Any;Any;Any;Any;Any;Any;General;Vpip;24.928576;;;;;
SixMax;Any;Any;Any;Any;Any;Any;Any;Any;General;Pfr;18.891901;;;;;
SixMax;Any;Any;Any;Any;Any;Any;Any;Any;General;AggFq_F;28.803621;;;;;
SixMax;Any;Any;Any;Any;Any;Any;Any;Any;General;AggFq_T;27.971043;;;;;
SixMax;Any;Any;Any;Any;Any;Any;Any;Any;General;AggFq_R;26.894293;;;;;
SixMax;Any;Any;Any;Any;Any;Any;Any;Any;General;WentToSd;25.646023;;;;;
SixMax;Any;Any;Any;Any;Any;Any;Any;Any;General;WonOnSd;52.490852;;;;;
SixMax;Any;Btn;Any;Any;Any;Any;Any;Any;PreflopBtn;Btn_Unopened_Fold;59.319324;;;;;
SixMax;Any;Btn;Any;Any;Any;Any;Any;Any;PreflopBtn;Btn_Unopened_Call;0;;;;;
SixMax;Any;Btn;Any;Any;Any;Any;Any;Any;PreflopBtn;Btn_Unopened_Raise;40.680676;;;;;
SixMax;Any;Btn;Any;Any;Any;Any;Any;Any;PreflopBtn;Btn_Limp_Fold;72.181816;;;;;
SixMax;Any;Btn;Any;Any;Any;Any;Any;Any;PreflopBtn;Btn_Limp_Call;2.4545455;;;;;
SixMax;Any;Btn;Any;Any;Any;Any;Any;Any;PreflopBtn;Btn_Limp_Raise;25.363636;;;;;
SixMax;Any;Btn;Any;Any;Any;Any;Any;Any;PreflopBtn;Btn_Limp_Vs_Ep_Fold;72.72727;;;;;
SixMax;Any;Btn;Any;Any;Any;Any;Any;Any;PreflopBtn;Btn_Limp_Vs_Ep_Call;2.020202;;;;;
SixMax;Any;Btn;Any;Any;Any;Any;Any;Any;PreflopBtn;Btn_Limp_Vs_Ep_Raise;25.252525;;;;;
SixMax;Any;Btn;Any;Any;Any;Any;Any;Any;PreflopBtn;Btn_Limp_Vs_Mp_Fold;73.219376;;;;;
SixMax;Any;Btn;Any;Any;Any;Any;Any;Any;PreflopBtn;Btn_Limp_Vs_Mp_Call;2.2792022;;;;;
SixMax;Any;Btn;Any;Any;Any;Any;Any;Any;PreflopBtn;Btn_Limp_Vs_Mp_Raise;24.501425;;;;;
SixMax;Any;Btn;Any;Any;Any;Any;Any;Any;PreflopBtn;Btn_Limp_Vs_Co_Fold;70.020966;;;;;
SixMax;Any;Btn;Any;Any;Any;Any;Any;Any;PreflopBtn;Btn_Limp_Vs_Co_Call;2.096436;;;;;
SixMax;Any;Btn;Any;Any;Any;Any;Any;Any;PreflopBtn;Btn_Limp_Vs_Co_Raise;27.882599;;;;;
SixMax;Any;Btn;Any;Any;Any;Any;Any;Any;PreflopBtn;Btn_Raise_Fold;83.86601;;;;;
SixMax;Any;Btn;Any;Any;Any;Any;Any;Any;PreflopBtn;Btn_Raise_Call;6.7550592;;;;;
SixMax;Any;Btn;Any;Any;Any;Any;Any;Any;PreflopBtn;Btn_Raise_Raise;9.380235;;;;;
SixMax;Any;Btn;Any;Any;Any;Any;Any;Any;PreflopBtn;Btn_Raise_Vs_Ep_Fold;86.82108;;;;;
SixMax;Any;Btn;Any;Any;Any;Any;Any;Any;PreflopBtn;Btn_Raise_Vs_Ep_Call;6.4696484;;;;;
SixMax;Any;Btn;Any;Any;Any;Any;Any;Any;PreflopBtn;Btn_Raise_Vs_Ep_Raise;6.709265;;;;;
SixMax;Any;Btn;Any;Any;Any;Any;Any;Any;PreflopBtn;Btn_Raise_Vs_Mp_Fold;84.27508;;;;;
SixMax;Any;Btn;Any;Any;Any;Any;Any;Any;PreflopBtn;Btn_Raise_Vs_Mp_Call;7.4901447;;;;;
SixMax;Any;Btn;Any;Any;Any;Any;Any;Any;PreflopBtn;Btn_Raise_Vs_Mp_Raise;8.238387;;;;;
SixMax;Any;Btn;Any;Any;Any;Any;Any;Any;PreflopBtn;Btn_Raise_Vs_Co_Fold;83.064514;;;;;
SixMax;Any;Btn;Any;Any;Any;Any;Any;Any;PreflopBtn;Btn_Raise_Vs_Co_Call;5.107527;;;;;
SixMax;Any;Btn;Any;Any;Any;Any;Any;Any;PreflopBtn;Btn_Raise_Vs_Co_Raise;11.827957;;;;;
SixMax;Any;Btn;Any;Any;Any;Any;Any;Any;PreflopBtn;Btn_Raise_Vs_Multi_Fold;80.42813;;;;;
SixMax;Any;Btn;Any;Any;Any;Any;Any;Any;PreflopBtn;Btn_Raise_Vs_Multi_Call;12.232416;;;;;
SixMax;Any;Btn;Any;Any;Any;Any;Any;Any;PreflopBtn;Btn_Raise_Vs_Multi_Raise;7.3394494;;;;;
SixMax;Any;Btn;Any;Any;Any;Any;Any;Any;PreflopBtn;Btn_Isolate_CC_Fold;82.8877;;;;;
SixMax;Any;Btn;Any;Any;Any;Any;Any;Any;PreflopBtn;Btn_Isolate_CC_Call;10.160428;;;;;
SixMax;Any;Btn;Any;Any;Any;Any;Any;Any;PreflopBtn;Btn_Isolate_CC_Raise;6.951872;;;;;
SixMax;Any;Btn;Any;Any;Any;Any;Any;Any;PreflopBtn;Btn_3bet_CC_Fold;96.482414;;;;;
SixMax;Any;Btn;Any;Any;Any;Any;Any;Any;PreflopBtn;Btn_3bet_CC_Call;1.2562814;;;;;
SixMax;Any;Btn;Any;Any;Any;Any;Any;Any;PreflopBtn;Btn_3bet_CC_Raise;2.2613065;;;;;
SixMax;Any;Btn;Any;Any;Any;Any;Any;Any;PreflopBtn;Btn_3bet_Raiser_Fold;53.889675;;;;;
SixMax;Any;Btn;Any;Any;Any;Any;Any;Any;PreflopBtn;Btn_3bet_Raiser_Call;38.189533;;;;;
SixMax;Any;Btn;Any;Any;Any;Any;Any;Any;PreflopBtn;Btn_3bet_Raiser_Raise;8.421053;;;;;
SixMax;Any;Btn;Any;Any;Any;Any;Any;Any;PreflopBtn;Btn_3bet_Raiser_Vs_Sb_Fold;54.15617;;;;;
SixMax;Any;Btn;Any;Any;Any;Any;Any;Any;PreflopBtn;Btn_3bet_Raiser_Vs_Sb_Call;36.27204;;;;;
SixMax;Any;Btn;Any;Any;Any;Any;Any;Any;PreflopBtn;Btn_3bet_Raiser_Vs_Sb_Raise;10.079576;;;;;
SixMax;Any;Btn;Any;Any;Any;Any;Any;Any;PreflopBtn;Btn_3bet_Raiser_Vs_Bb_Fold;54.482758;;;;;
SixMax;Any;Btn;Any;Any;Any;Any;Any;Any;PreflopBtn;Btn_3bet_Raiser_Vs_Bb_Call;39.310345;;;;;
SixMax;Any;Btn;Any;Any;Any;Any;Any;Any;PreflopBtn;Btn_3bet_Raiser_Vs_Bb_Raise;6.716418;;;;;
SixMax;Any;Btn;Any;Any;Any;Any;Any;Any;PreflopBtn;Btn_4bet_Fold;51.748253;;;;;
SixMax;Any;Btn;Any;Any;Any;Any;Any;Any;PreflopBtn;Btn_4bet_Call;39.16084;;;;;
SixMax;Any;Btn;Any;Any;Any;Any;Any;Any;PreflopBtn;Btn_4bet_Raise;10.569106;;;;;
SixMax;Any;Sb;Any;Any;Any;Any;Any;Any;PreflopSb;Sb_Unopened_Fold;59.849087;;;;;
SixMax;Any;Sb;Any;Any;Any;Any;Any;Any;PreflopSb;Sb_Unopened_Call;0.55599684;;;;;
SixMax;Any;Sb;Any;Any;Any;Any;Any;Any;PreflopSb;Sb_Unopened_Raise;39.594917;;;;;
SixMax;Any;Sb;Any;Any;Any;Any;Any;Any;PreflopSb;Sb_Limp_Fold;57.98165;;;;;
SixMax;Any;Sb;Any;Any;Any;Any;Any;Any;PreflopSb;Sb_Limp_Call;26.330275;;;;;
SixMax;Any;Sb;Any;Any;Any;Any;Any;Any;PreflopSb;Sb_Limp_Raise;15.688073;;;;;
SixMax;Any;Sb;Any;Any;Any;Any;Any;Any;PreflopSb;Sb_Limp_Vs_Ep_Fold;64.66165;;;;;
SixMax;Any;Sb;Any;Any;Any;Any;Any;Any;PreflopSb;Sb_Limp_Vs_Ep_Call;18.796993;;;;;
SixMax;Any;Sb;Any;Any;Any;Any;Any;Any;PreflopSb;Sb_Limp_Vs_Ep_Raise;16.541353;;;;;
SixMax;Any;Sb;Any;Any;Any;Any;Any;Any;PreflopSb;Sb_Limp_Vs_Mp_Fold;56.223175;;;;;
SixMax;Any;Sb;Any;Any;Any;Any;Any;Any;PreflopSb;Sb_Limp_Vs_Mp_Call;27.467812;;;;;
SixMax;Any;Sb;Any;Any;Any;Any;Any;Any;PreflopSb;Sb_Limp_Vs_Mp_Raise;16.309013;;;;;
SixMax;Any;Sb;Any;Any;Any;Any;Any;Any;PreflopSb;Sb_Limp_Vs_Co_Fold;59.501556;;;;;
SixMax;Any;Sb;Any;Any;Any;Any;Any;Any;PreflopSb;Sb_Limp_Vs_Co_Call;27.102804;;;;;
SixMax;Any;Sb;Any;Any;Any;Any;Any;Any;PreflopSb;Sb_Limp_Vs_Co_Raise;13.395638;;;;;
SixMax;Any;Sb;Any;Any;Any;Any;Any;Any;PreflopSb;Sb_Limp_Vs_Btn_Fold;56.996586;;;;;
SixMax;Any;Sb;Any;Any;Any;Any;Any;Any;PreflopSb;Sb_Limp_Vs_Btn_Call;24.57338;;;;;
SixMax;Any;Sb;Any;Any;Any;Any;Any;Any;PreflopSb;Sb_Limp_Vs_Btn_Raise;18.430035;;;;;
SixMax;Any;Sb;Any;Any;Any;Any;Any;Any;PreflopSb;Sb_Limp_Vs_Multi_Fold;51.81818;;;;;
SixMax;Any;Sb;Any;Any;Any;Any;Any;Any;PreflopSb;Sb_Limp_Vs_Multi_Call;35.454544;;;;;
SixMax;Any;Sb;Any;Any;Any;Any;Any;Any;PreflopSb;Sb_Limp_Vs_Multi_Raise;12.727273;;;;;
SixMax;Any;Sb;Any;Any;Any;Any;Any;Any;PreflopSb;Sb_Raise_Fold;86.823746;;;;;
SixMax;Any;Sb;Any;Any;Any;Any;Any;Any;PreflopSb;Sb_Raise_Call;2.7909799;;;;;
SixMax;Any;Sb;Any;Any;Any;Any;Any;Any;PreflopSb;Sb_Raise_Raise;10.385277;;;;;
SixMax;Any;Sb;Any;Any;Any;Any;Any;Any;PreflopSb;Sb_Raise_Vs_Ep_Fold;91.269035;;;;;
SixMax;Any;Sb;Any;Any;Any;Any;Any;Any;PreflopSb;Sb_Raise_Vs_Ep_Call;3.1472082;;;;;
SixMax;Any;Sb;Any;Any;Any;Any;Any;Any;PreflopSb;Sb_Raise_Vs_Ep_Raise;5.5837564;;;;;
SixMax;Any;Sb;Any;Any;Any;Any;Any;Any;PreflopSb;Sb_Raise_Vs_Mp_Fold;89.15531;;;;;
SixMax;Any;Sb;Any;Any;Any;Any;Any;Any;PreflopSb;Sb_Raise_Vs_Mp_Call;2.9427793;;;;;
SixMax;Any;Sb;Any;Any;Any;Any;Any;Any;PreflopSb;Sb_Raise_Vs_Mp_Raise;7.9019074;;;;;
SixMax;Any;Sb;Any;Any;Any;Any;Any;Any;PreflopSb;Sb_Raise_Vs_Co_Fold;88.432205;;;;;
SixMax;Any;Sb;Any;Any;Any;Any;Any;Any;PreflopSb;Sb_Raise_Vs_Co_Call;2.0338984;;;;;
SixMax;Any;Sb;Any;Any;Any;Any;Any;Any;PreflopSb;Sb_Raise_Vs_Co_Raise;9.533898;;;;;
SixMax;Any;Sb;Any;Any;Any;Any;Any;Any;PreflopSb;Sb_Raise_Vs_Btn_Fold;83.34348;;;;;
SixMax;Any;Sb;Any;Any;Any;Any;Any;Any;PreflopSb;Sb_Raise_Vs_Btn_Call;1.6747868;;;;;
SixMax;Any;Sb;Any;Any;Any;Any;Any;Any;PreflopSb;Sb_Raise_Vs_Btn_Raise;14.9817295;;;;;
SixMax;Any;Sb;Any;Any;Any;Any;Any;Any;PreflopSb;Sb_Raise_Vs_Multi_Fold;86.10526;;;;;
SixMax;Any;Sb;Any;Any;Any;Any;Any;Any;PreflopSb;Sb_Raise_Vs_Multi_Call;6.1754384;;;;;
SixMax;Any;Sb;Any;Any;Any;Any;Any;Any;PreflopSb;Sb_Raise_Vs_Multi_Raise;7.7192984;;;;;
SixMax;Any;Sb;Any;Any;Any;Any;Any;Any;PreflopSb;Sb_Isolate_CC_Fold;89.1455;;;;;
SixMax;Any;Sb;Any;Any;Any;Any;Any;Any;PreflopSb;Sb_Isolate_CC_Call;4.6189375;;;;;
SixMax;Any;Sb;Any;Any;Any;Any;Any;Any;PreflopSb;Sb_Isolate_CC_Raise;6.2355657;;;;;
SixMax;Any;Sb;Any;Any;Any;Any;Any;Any;PreflopSb;Sb_3bet_CC_Fold;96.67382;;;;;
SixMax;Any;Sb;Any;Any;Any;Any;Any;Any;PreflopSb;Sb_3bet_CC_Call;0.32188842;;;;;
SixMax;Any;Sb;Any;Any;Any;Any;Any;Any;PreflopSb;Sb_3bet_CC_Raise;3.0075188;;;;;
SixMax;Any;Sb;Any;Any;Any;Any;Any;Any;PreflopSb;Sb_3bet_Raiser_Vs_Bb_Fold;54.183266;;;;;
SixMax;Any;Sb;Any;Any;Any;Any;Any;Any;PreflopSb;Sb_3bet_Raiser_Vs_Bb_Call;34.661354;;;;;
SixMax;Any;Sb;Any;Any;Any;Any;Any;Any;PreflopSb;Sb_3bet_Raiser_Vs_Bb_Raise;12.334802;;;;;
SixMax;Any;Sb;Any;Any;Any;Any;Any;Any;PreflopSb;Sb_4bet_Fold;44.295303;;;;;
SixMax;Any;Sb;Any;Any;Any;Any;Any;Any;PreflopSb;Sb_4bet_Call;36.91275;;;;;
SixMax;Any;Sb;Any;Any;Any;Any;Any;Any;PreflopSb;Sb_4bet_Raise;23.333334;;;;;
SixMax;Any;Bb;Any;Any;Any;Any;Any;Any;PreflopBb;Bb_Limp_Check;78.82442;;;;;
SixMax;Any;Bb;Any;Any;Any;Any;Any;Any;PreflopBb;Bb_Limp_Raise;21.175585;;;;;
SixMax;Any;Bb;Any;Any;Any;Any;Any;Any;PreflopBb;Bb_Limp_Vs_Mp_Check;82.57576;;;;;
SixMax;Any;Bb;Any;Any;Any;Any;Any;Any;PreflopBb;Bb_Limp_Vs_Mp_Raise;17.424242;;;;;
SixMax;Any;Bb;Any;Any;Any;Any;Any;Any;PreflopBb;Bb_Limp_Vs_Co_Check;81.11888;;;;;
SixMax;Any;Bb;Any;Any;Any;Any;Any;Any;PreflopBb;Bb_Limp_Vs_Co_Raise;18.881119;;;;;
SixMax;Any;Bb;Any;Any;Any;Any;Any;Any;PreflopBb;Bb_Limp_Vs_Btn_Check;81.76471;;;;;
SixMax;Any;Bb;Any;Any;Any;Any;Any;Any;PreflopBb;Bb_Limp_Vs_Btn_Raise;18.235294;;;;;
SixMax;Any;Bb;Any;Any;Any;Any;Any;Any;PreflopBb;Bb_Limp_Vs_Sb_Check;67.375885;;;;;
SixMax;Any;Bb;Any;Any;Any;Any;Any;Any;PreflopBb;Bb_Limp_Vs_Sb_Raise;32.624115;;;;;
SixMax;Any;Bb;Any;Any;Any;Any;Any;Any;PreflopBb;Bb_Limp_Vs_Multi_Check;86.80739;;;;;
SixMax;Any;Bb;Any;Any;Any;Any;Any;Any;PreflopBb;Bb_Limp_Vs_Multi_Raise;13.192612;;;;;
SixMax;Any;Bb;Any;Any;Any;Any;Any;Any;PreflopBb;Bb_Raise_Fold;66.354195;;;;;
SixMax;Any;Bb;Any;Any;Any;Any;Any;Any;PreflopBb;Bb_Raise_Call;26.376253;;;;;
SixMax;Any;Bb;Any;Any;Any;Any;Any;Any;PreflopBb;Bb_Raise_Raise;7.3024373;;;;;
SixMax;Any;Bb;Any;Any;Any;Any;Any;Any;PreflopBb;Bb_Raise_Vs_Ep_Fold;75.6;;;;;
SixMax;Any;Bb;Any;Any;Any;Any;Any;Any;PreflopBb;Bb_Raise_Vs_Ep_Call;20.8;;;;;
SixMax;Any;Bb;Any;Any;Any;Any;Any;Any;PreflopBb;Bb_Raise_Vs_Ep_Raise;3.6290324;;;;;
SixMax;Any;Bb;Any;Any;Any;Any;Any;Any;PreflopBb;Bb_Raise_Vs_Mp_Fold;72.29437;;;;;
SixMax;Any;Bb;Any;Any;Any;Any;Any;Any;PreflopBb;Bb_Raise_Vs_Mp_Call;22.294373;;;;;
SixMax;Any;Bb;Any;Any;Any;Any;Any;Any;PreflopBb;Bb_Raise_Vs_Mp_Raise;5.4347825;;;;;
SixMax;Any;Bb;Any;Any;Any;Any;Any;Any;PreflopBb;Bb_Raise_Vs_Co_Fold;72.27201;;;;;
SixMax;Any;Bb;Any;Any;Any;Any;Any;Any;PreflopBb;Bb_Raise_Vs_Co_Call;21.296783;;;;;
SixMax;Any;Bb;Any;Any;Any;Any;Any;Any;PreflopBb;Bb_Raise_Vs_Co_Raise;6.4550266;;;;;
SixMax;Any;Bb;Any;Any;Any;Any;Any;Any;PreflopBb;Bb_Raise_Vs_Btn_Fold;66.344666;;;;;
SixMax;Any;Bb;Any;Any;Any;Any;Any;Any;PreflopBb;Bb_Raise_Vs_Btn_Call;25.618238;;;;;
SixMax;Any;Bb;Any;Any;Any;Any;Any;Any;PreflopBb;Bb_Raise_Vs_Btn_Raise;8.065142;;;;;
SixMax;Any;Bb;Any;Any;Any;Any;Any;Any;PreflopBb;Bb_Raise_Vs_Sb_Fold;54.51128;;;;;
SixMax;Any;Bb;Any;Any;Any;Any;Any;Any;PreflopBb;Bb_Raise_Vs_Sb_Call;34.049408;;;;;
SixMax;Any;Bb;Any;Any;Any;Any;Any;Any;PreflopBb;Bb_Raise_Vs_Sb_Raise;11.569799;;;;;
SixMax;Any;Bb;Any;Any;Any;Any;Any;Any;PreflopBb;Bb_Raise_Vs_Multi_Fold;64.553795;;;;;
SixMax;Any;Bb;Any;Any;Any;Any;Any;Any;PreflopBb;Bb_Raise_Vs_Multi_Call;29.357798;;;;;
SixMax;Any;Bb;Any;Any;Any;Any;Any;Any;PreflopBb;Bb_Raise_Vs_Multi_Raise;6.088407;;;;;
SixMax;Any;Bb;Any;Any;Any;Any;Any;Any;PreflopBb;Bb_Isolate_CC_Fold;80.35398;;;;;
SixMax;Any;Bb;Any;Any;Any;Any;Any;Any;PreflopBb;Bb_Isolate_CC_Call;13.982301;;;;;
SixMax;Any;Bb;Any;Any;Any;Any;Any;Any;PreflopBb;Bb_Isolate_CC_Raise;5.673759;;;;;
SixMax;Any;Bb;Any;Any;Any;Any;Any;Any;PreflopBb;Bb_Squeeze_CC_Fold;97.93104;;;;;
SixMax;Any;Bb;Any;Any;Any;Any;Any;Any;PreflopBb;Bb_Squeeze_CC_Call;0;;;;;
SixMax;Any;Bb;Any;Any;Any;Any;Any;Any;PreflopBb;Bb_Squeeze_CC_Raise;2.0689654;;;;;
SixMax;Any;Bb;Any;Any;Any;Any;Any;Any;PreflopBb;Bb_3bet_CC_Fold;95.241;;;;;
SixMax;Any;Bb;Any;Any;Any;Any;Any;Any;PreflopBb;Bb_3bet_CC_Call;1.2812691;;;;;
SixMax;Any;Bb;Any;Any;Any;Any;Any;Any;PreflopBb;Bb_3bet_CC_Raise;3.4926472;;;;;
SixMax;Any;Bb;Any;Any;Any;Any;Any;Any;PreflopBb;Bb_4bet_Fold;56.71642;;;;;
SixMax;Any;Bb;Any;Any;Any;Any;Any;Any;PreflopBb;Bb_4bet_Call;26.119404;;;;;
SixMax;Any;Bb;Any;Any;Any;Any;Any;Any;PreflopBb;Bb_4bet_Raise;21.100918;;;;;
SixMax;Any;Ep;Any;Any;Any;Any;Any;Any;PreflopEp;Ep_Unopened_Fold;81.4235;;;;;
SixMax;Any;Ep;Any;Any;Any;Any;Any;Any;PreflopEp;Ep_Unopened_Call;0.07305364;;;;;
SixMax;Any;Ep;Any;Any;Any;Any;Any;Any;PreflopEp;Ep_Unopened_Raise;18.503445;;;;;
SixMax;Any;Ep;Any;Any;Any;Any;Any;Any;PreflopEp;Ep_3bet_Raiser_Fold;38.36478;;;;;
SixMax;Any;Ep;Any;Any;Any;Any;Any;Any;PreflopEp;Ep_3bet_Raiser_Call;44.339622;;;;;
SixMax;Any;Ep;Any;Any;Any;Any;Any;Any;PreflopEp;Ep_3bet_Raiser_Raise;18.092106;;;;;
SixMax;Any;Mp;Any;Any;Any;Any;Any;Any;PreflopMp;Mp_Unopened_Fold;78.65901;;;;;
SixMax;Any;Mp;Any;Any;Any;Any;Any;Any;PreflopMp;Mp_Unopened_Call;0.03104144;;;;;
SixMax;Any;Mp;Any;Any;Any;Any;Any;Any;PreflopMp;Mp_Unopened_Raise;21.309948;;;;;
SixMax;Any;Mp;Any;Any;Any;Any;Any;Any;PreflopMp;Mp_Limp_Vs_Ep_Fold;75.55556;;;;;
SixMax;Any;Mp;Any;Any;Any;Any;Any;Any;PreflopMp;Mp_Limp_Vs_Ep_Call;1.4814814;;;;;
SixMax;Any;Mp;Any;Any;Any;Any;Any;Any;PreflopMp;Mp_Limp_Vs_Ep_Raise;22.962963;;;;;
SixMax;Any;Mp;Any;Any;Any;Any;Any;Any;PreflopMp;Mp_Raise_Vs_Ep_Fold;88.38008;;;;;
SixMax;Any;Mp;Any;Any;Any;Any;Any;Any;PreflopMp;Mp_Raise_Vs_Ep_Call;3.720664;;;;;
SixMax;Any;Mp;Any;Any;Any;Any;Any;Any;PreflopMp;Mp_Raise_Vs_Ep_Raise;7.8992558;;;;;
SixMax;Any;Mp;Any;Any;Any;Any;Any;Any;PreflopMp;Mp_Squeeze_Raiser_Fold;46.07843;;;;;
SixMax;Any;Mp;Any;Any;Any;Any;Any;Any;PreflopMp;Mp_Squeeze_Raiser_Call;35.294117;;;;;
SixMax;Any;Mp;Any;Any;Any;Any;Any;Any;PreflopMp;Mp_Squeeze_Raiser_Raise;18.811882;;;;;
SixMax;Any;Mp;Any;Any;Any;Any;Any;Any;PreflopMp;Mp_3bet_Raiser_Fold;44.51098;;;;;
SixMax;Any;Mp;Any;Any;Any;Any;Any;Any;PreflopMp;Mp_3bet_Raiser_Call;43.512974;;;;;
SixMax;Any;Mp;Any;Any;Any;Any;Any;Any;PreflopMp;Mp_3bet_Raiser_Raise;12.605042;;;;;
SixMax;Any;Mp;Any;Any;Any;Any;Any;Any;PreflopMp;Mp_3bet_Raiser_Vs_Co_Fold;45.20548;;;;;
SixMax;Any;Mp;Any;Any;Any;Any;Any;Any;PreflopMp;Mp_3bet_Raiser_Vs_Co_Call;44.52055;;;;;
SixMax;Any;Mp;Any;Any;Any;Any;Any;Any;PreflopMp;Mp_3bet_Raiser_Vs_Co_Raise;10.56338;;;;;
SixMax;Any;Mp;Any;Any;Any;Any;Any;Any;PreflopMp;Mp_3bet_Raiser_Vs_Btn_Fold;44.77612;;;;;
SixMax;Any;Mp;Any;Any;Any;Any;Any;Any;PreflopMp;Mp_3bet_Raiser_Vs_Btn_Call;39.55224;;;;;
SixMax;Any;Mp;Any;Any;Any;Any;Any;Any;PreflopMp;Mp_3bet_Raiser_Vs_Btn_Raise;16.535433;;;;;
SixMax;Any;Mp;Any;Any;Any;Any;Any;Any;PreflopMp;Mp_3bet_Raiser_Vs_Sb_Fold;43.103447;;;;;
SixMax;Any;Mp;Any;Any;Any;Any;Any;Any;PreflopMp;Mp_3bet_Raiser_Vs_Sb_Call;47.41379;;;;;
SixMax;Any;Mp;Any;Any;Any;Any;Any;Any;PreflopMp;Mp_3bet_Raiser_Vs_Sb_Raise;10.377358;;;;;
SixMax;Any;Co;Any;Any;Any;Any;Any;Any;PreflopCo;Co_Unopened_Fold;72.43134;;;;;
SixMax;Any;Co;Any;Any;Any;Any;Any;Any;PreflopCo;Co_Unopened_Call;0;;;;;
SixMax;Any;Co;Any;Any;Any;Any;Any;Any;PreflopCo;Co_Unopened_Raise;27.568659;;;;;
SixMax;Any;Co;Any;Any;Any;Any;Any;Any;PreflopCo;Co_Limp_Fold;76.44172;;;;;
SixMax;Any;Co;Any;Any;Any;Any;Any;Any;PreflopCo;Co_Limp_Call;0.9815951;;;;;
SixMax;Any;Co;Any;Any;Any;Any;Any;Any;PreflopCo;Co_Limp_Raise;22.576687;;;;;
SixMax;Any;Co;Any;Any;Any;Any;Any;Any;PreflopCo;Co_Limp_Vs_Ep_Fold;76.14379;;;;;
SixMax;Any;Co;Any;Any;Any;Any;Any;Any;PreflopCo;Co_Limp_Vs_Ep_Call;1.633987;;;;;
SixMax;Any;Co;Any;Any;Any;Any;Any;Any;PreflopCo;Co_Limp_Vs_Ep_Raise;22.222221;;;;;
SixMax;Any;Co;Any;Any;Any;Any;Any;Any;PreflopCo;Co_Limp_Vs_Mp_Fold;77.22567;;;;;
SixMax;Any;Co;Any;Any;Any;Any;Any;Any;PreflopCo;Co_Limp_Vs_Mp_Call;0.41407868;;;;;
SixMax;Any;Co;Any;Any;Any;Any;Any;Any;PreflopCo;Co_Limp_Vs_Mp_Raise;22.360249;;;;;
SixMax;Any;Co;Any;Any;Any;Any;Any;Any;PreflopCo;Co_Raise_Fold;86.929276;;;;;
SixMax;Any;Co;Any;Any;Any;Any;Any;Any;PreflopCo;Co_Raise_Call;4.3196063;;;;;
SixMax;Any;Co;Any;Any;Any;Any;Any;Any;PreflopCo;Co_Raise_Raise;8.751119;;;;;
SixMax;Any;Co;Any;Any;Any;Any;Any;Any;PreflopCo;Co_Raise_Vs_Ep_Fold;87.9771;;;;;
SixMax;Any;Co;Any;Any;Any;Any;Any;Any;PreflopCo;Co_Raise_Vs_Ep_Call;4.5165396;;;;;
SixMax;Any;Co;Any;Any;Any;Any;Any;Any;PreflopCo;Co_Raise_Vs_Ep_Raise;7.5063615;;;;;
SixMax;Any;Co;Any;Any;Any;Any;Any;Any;PreflopCo;Co_Raise_Vs_Mp_Fold;86.43695;;;;;
SixMax;Any;Co;Any;Any;Any;Any;Any;Any;PreflopCo;Co_Raise_Vs_Mp_Call;3.9589443;;;;;
SixMax;Any;Co;Any;Any;Any;Any;Any;Any;PreflopCo;Co_Raise_Vs_Mp_Raise;9.604106;;;;;
SixMax;Any;Co;Any;Any;Any;Any;Any;Any;PreflopCo;Co_Raise_Vs_Multi_Fold;85.11905;;;;;
SixMax;Any;Co;Any;Any;Any;Any;Any;Any;PreflopCo;Co_Raise_Vs_Multi_Call;8.333333;;;;;
SixMax;Any;Co;Any;Any;Any;Any;Any;Any;PreflopCo;Co_Raise_Vs_Multi_Raise;6.547619;;;;;
SixMax;Any;Co;Any;Any;Any;Any;Any;Any;PreflopCo;Co_3bet_Raiser_Fold;47.804054;;;;;
SixMax;Any;Co;Any;Any;Any;Any;Any;Any;PreflopCo;Co_3bet_Raiser_Call;37.5;;;;;
SixMax;Any;Co;Any;Any;Any;Any;Any;Any;PreflopCo;Co_3bet_Raiser_Raise;15.343915;;;;;
SixMax;Any;Co;Any;Any;Any;Any;Any;Any;PreflopCo;Co_3bet_Raiser_Vs_Btn_Fold;48.221344;;;;;
SixMax;Any;Co;Any;Any;Any;Any;Any;Any;PreflopCo;Co_3bet_Raiser_Vs_Btn_Call;33.20158;;;;;
SixMax;Any;Co;Any;Any;Any;Any;Any;Any;PreflopCo;Co_3bet_Raiser_Vs_Btn_Raise;19.02834;;;;;
SixMax;Any;Co;Any;Any;Any;Any;Any;Any;PreflopCo;Co_3bet_Raiser_Vs_Sb_Fold;49.222797;;;;;
SixMax;Any;Co;Any;Any;Any;Any;Any;Any;PreflopCo;Co_3bet_Raiser_Vs_Sb_Call;37.823833;;;;;
SixMax;Any;Co;Any;Any;Any;Any;Any;Any;PreflopCo;Co_3bet_Raiser_Vs_Sb_Raise;13.368984;;;;;
SixMax;Any;Co;Any;Any;Any;Any;Any;Any;PreflopCo;Co_3bet_Raiser_Vs_Bb_Fold;49.565216;;;;;
SixMax;Any;Co;Any;Any;Any;Any;Any;Any;PreflopCo;Co_3bet_Raiser_Vs_Bb_Call;42.608696;;;;;
SixMax;Any;Co;Any;Any;Any;Any;Any;Any;PreflopCo;Co_3bet_Raiser_Vs_Bb_Raise;8.823529;;;;;
SixMax;Any;Co;Any;Any;Any;Any;Any;Any;PreflopCo;Co_4bet_Fold;64.10256;;;;;
SixMax;Any;Co;Any;Any;Any;Any;Any;Any;PreflopCo;Co_4bet_Call;28.205128;;;;;
Hu;Any;Sb;Any;Any;Any;Any;Any;Any;PreflopSbvsBb;SbvsBb_Unopened_Fold;44.76048;;;;;
Hu;Any;Sb;Any;Any;Any;Any;Any;Any;PreflopSbvsBb;SbvsBb_Unopened_Call;0.1497006;;;;;
Hu;Any;Sb;Any;Any;Any;Any;Any;Any;PreflopSbvsBb;SbvsBb_Unopened_Raise;55.08982;;;;;
Hu;Any;Bb;Any;Any;Any;Any;Any;Any;PreflopBbvsSb;BbvsSb_Raise_Fold;56.25;;;;;
Hu;Any;Bb;Any;Any;Any;Any;Any;Any;PreflopBbvsSb;BbvsSb_Raise_Call;30.113636;;;;;
Hu;Any;Bb;Any;Any;Any;Any;Any;Any;PreflopBbvsSb;BbvsSb_Raise_Raise;13.636364;;;;;
SixMax;Postflop;Btn;Ip;Sb;Hu;RaisePot;Raise;No;PostflopHuIpRaiser;CB_F;61.764706;63,,;59,,;;;
SixMax;Postflop;Btn;Ip;Sb;Hu;RaisePot;Raise;No;PostflopHuIpRaiser;CX_F;38.235294;44,,;;;;
SixMax;Postflop;Btn;Ip;Sb;Hu;RaisePot;Raise;No;PostflopHuIpRaiser;CX_T;;61,,;;;;
SixMax;Postflop;Btn;Ip;Sb;Hu;RaisePot;Raise;No;PostflopHuIpRaiser;DELAYX_T;;46,,;;;;
SixMax;Postflop;Btn;Ip;Sb;Hu;RaisePot;Raise;No;PostflopHuIpRaiser;SDELAYX_R;;43,,;;;;
SixMax;Postflop;Btn;Ip;Sb;Hu;RaisePot;Raise;No;PostflopHuIpRaiser;Bet_F;61.764706;63,,;59,,;;;
SixMax;Postflop;Btn;Ip;Sb;Hu;RaisePot;Raise;No;PostflopHuIpRaiser;Bet_T;34.188034;;;;;
SixMax;Postflop;Btn;Ip;Sb;Hu;RaisePot;Raise;No;PostflopHuIpRaiser;Check_F;38.235294;44,,;;;;
SixMax;Postflop;Btn;Ip;Sb;Hu;RaisePot;Raise;No;PostflopHuIpRaiser;Check_T;65.811966;45,,;;;;
SixMax;Postflop;Btn;Ip;Sb;Hu;RaisePot;Raise;No;PostflopHuIpRaiser;Check_R;;35,,;;;;
SixMax;Postflop;Btn;Ip;Sb;Hu;RaisePot;Raise;No;PostflopHuIpRaiser;CvBet_R;;72,,;;;;
SixMax;Postflop;Btn;Ip;Bb;Hu;RaisePot;Raise;No;PostflopHuIpRaiser;CB_F;65.17094;30,47,;34,52,;62,,;65,,;
SixMax;Postflop;Btn;Ip;Bb;Hu;RaisePot;Raise;No;PostflopHuIpRaiser;CB_T;47.985348;70,,;;;69,,;
SixMax;Postflop;Btn;Ip;Bb;Hu;RaisePot;Raise;No;PostflopHuIpRaiser;CB_R;;77,,;;;;
SixMax;Postflop;Btn;Ip;Bb;Hu;RaisePot;Raise;No;PostflopHuIpRaiser;CX_F;34.82906;26,,;;;;
SixMax;Postflop;Btn;Ip;Bb;Hu;RaisePot;Raise;No;PostflopHuIpRaiser;CX_T;52.014652;29,37,67;;;;
SixMax;Postflop;Btn;Ip;Bb;Hu;RaisePot;Raise;No;PostflopHuIpRaiser;CX_R;;54,,;;;;
SixMax;Postflop;Btn;Ip;Bb;Hu;RaisePot;Raise;No;PostflopHuIpRaiser;DELAY_T;31.958763;;;;;
SixMax;Postflop;Btn;Ip;Bb;Hu;RaisePot;Raise;No;PostflopHuIpRaiser;DELAYX_T;68.04124;30,,;;;;
SixMax;Postflop;Btn;Ip;Bb;Hu;RaisePot;Raise;No;PostflopHuIpRaiser;DELAYX_R;;29,,;;;;
SixMax;Postflop;Btn;Ip;Bb;Hu;RaisePot;Raise;No;PostflopHuIpRaiser;SDELAYX_R;;19,,;;;;
SixMax;Postflop;Btn;Ip;Bb;Hu;RaisePot;Raise;No;PostflopHuIpRaiser;FvPROBE_T;59.090908;;;;;
SixMax;Postflop;Btn;Ip;Bb;Hu;RaisePot;Raise;No;PostflopHuIpRaiser;CvPROBE_T;37.121212;61,,;;;;
SixMax;Postflop;Btn;Ip;Bb;Hu;RaisePot;Raise;No;PostflopHuIpRaiser;CvPROBE_R;;69,,;;;;
SixMax;Postflop;Btn;Ip;Bb;Hu;RaisePot;Raise;No;PostflopHuIpRaiser;RvPROBE_T;3.7878788;;;;;
SixMax;Postflop;Btn;Ip;Bb;Hu;RaisePot;Raise;No;PostflopHuIpRaiser;FLOATPROBEX_R;;58,,;;;;
SixMax;Postflop;Btn;Ip;Bb;Hu;RaisePot;Raise;No;PostflopHuIpRaiser;Bet_F;65.17094;30,47,;34,52,;62,,;65,,;
SixMax;Postflop;Btn;Ip;Bb;Hu;RaisePot;Raise;No;PostflopHuIpRaiser;Bet_T;42.942345;67,39,;;73,,;67,,;
SixMax;Postflop;Btn;Ip;Bb;Hu;RaisePot;Raise;No;PostflopHuIpRaiser;Bet_R;40.282684;63,,;62,,;;67,,;
SixMax;Postflop;Btn;Ip;Bb;Hu;RaisePot;Raise;No;PostflopHuIpRaiser;Check_F;34.82906;26,,;;;;
SixMax;Postflop;Btn;Ip;Bb;Hu;RaisePot;Raise;No;PostflopHuIpRaiser;Check_T;57.057655;18,33,62;;;;
SixMax;Postflop;Btn;Ip;Bb;Hu;RaisePot;Raise;No;PostflopHuIpRaiser;Check_R;59.717316;19,,;;;;
SixMax;Postflop;Btn;Ip;Bb;Hu;RaisePot;Raise;No;PostflopHuIpRaiser;FvBet_T;55.932205;;;;;
SixMax;Postflop;Btn;Ip;Bb;Hu;RaisePot;Raise;No;PostflopHuIpRaiser;FvBet_R;70.37037;;;;;
SixMax;Postflop;Btn;Ip;Bb;Hu;RaisePot;Raise;No;PostflopHuIpRaiser;CvBet_T;39.548023;63,,;;;;
SixMax;Postflop;Btn;Ip;Bb;Hu;RaisePot;Raise;No;PostflopHuIpRaiser;CvBet_R;22.839506;60,,;;;;
SixMax;Postflop;Btn;Ip;Bb;Hu;RaisePot;Raise;No;PostflopHuIpRaiser;Raise_T;4.571429;;;;;
SixMax;Postflop;Btn;Ip;Bb;Hu;RaisePot;Raise;No;PostflopHuIpRaiser;Raise_R;6.962025;;;;;
SixMax;Postflop;Btn;Any;Any;Multiway;RaisePot;Raise;Yes;PostflopGeneral;Bet_F;46.086956;71,,;69,,;;;
SixMax;Postflop;Btn;Any;Any;Multiway;RaisePot;Raise;Yes;PostflopGeneral;Check_F;53.913044;52,,;;;;
SixMax;Postflop;Btn;Any;Any;Multiway;RaisePot;Raise;Yes;PostflopGeneral;Check_T;;56,,;;;;
SixMax;Postflop;Btn;Any;Any;Multiway;RaisePot;Raise;Yes;PostflopGeneral;Check_R;;41,,;;;;
SixMax;Postflop;Btn;Any;Any;Hu;IsolatePot;Raise;Any;PostflopGeneral;Bet_F;64.583336;54,,;55,,;;;
SixMax;Postflop;Btn;Any;Any;Hu;IsolatePot;Raise;Any;PostflopGeneral;Check_F;35.416668;52,,;;;;
SixMax;Postflop;Btn;Any;Any;Hu;IsolatePot;Raise;Any;PostflopGeneral;Check_T;;46,,;;;;
SixMax;Postflop;Btn;Any;Any;Hu;IsolatePot;Raise;Any;PostflopGeneral;Check_R;;35,,;;;;
SixMax;Postflop;Btn;Ip;Mp;Hu;RaisePot;Call;No;PostflopHuIpCaller;Check_R;;67,,;;;;
SixMax;Postflop;Btn;Any;Any;Multiway;RaisePot;Call;Yes;PostflopGeneral;Bet_F;42.857143;65,,;;;;
SixMax;Postflop;Btn;Any;Any;Multiway;RaisePot;Call;Yes;PostflopGeneral;Check_F;57.142857;47,,;;;;
SixMax;Postflop;Btn;Any;Any;Multiway;RaisePot;Call;Yes;PostflopGeneral;Check_T;;53,,;;;;
SixMax;Postflop;Btn;Any;Any;Multiway;RaisePot;Call;Yes;PostflopGeneral;Check_R;;46,,;;;;
SixMax;Postflop;Btn;Any;Any;Multiway;RaisePot;Call;Yes;PostflopGeneral;CvBet_R;;77,,;;;;
SixMax;Postflop;Btn;Ip;Mp;Hu;ThreeBetPot;Raise;No;PostflopHuIpRaiser;CB_F;;71,,;;;;
SixMax;Postflop;Btn;Ip;Mp;Hu;ThreeBetPot;Raise;No;PostflopHuIpRaiser;Bet_F;;71,,;;;;
SixMax;Postflop;Btn;Ip;Co;Hu;ThreeBetPot;Raise;No;PostflopHuIpRaiser;CB_F;73.58491;70,,;72,,;;;
SixMax;Postflop;Btn;Ip;Co;Hu;ThreeBetPot;Raise;No;PostflopHuIpRaiser;CX_F;26.415094;45,,;;;;
SixMax;Postflop;Btn;Ip;Co;Hu;ThreeBetPot;Raise;No;PostflopHuIpRaiser;Bet_F;73.58491;70,,;72,,;;;
SixMax;Postflop;Btn;Ip;Co;Hu;ThreeBetPot;Raise;No;PostflopHuIpRaiser;Check_F;26.415094;45,,;;;;
SixMax;Postflop;Btn;Ip;Co;Hu;ThreeBetPot;Raise;No;PostflopHuIpRaiser;Check_T;;57,,;;;;
SixMax;Postflop;Btn;Ip;Co;Hu;ThreeBetPot;Raise;No;PostflopHuIpRaiser;Check_R;;47,,;;;;
SixMax;Postflop;Btn;Ip;Sb;Hu;ThreeBetPot;RaiseCall;No;PostflopHuIpCaller;CvCB_F;;72,,;;;;
SixMax;Postflop;Btn;Ip;Sb;Hu;ThreeBetPot;RaiseCall;No;PostflopHuIpCaller;Check_R;;59,,;;;;
SixMax;Postflop;Btn;Ip;Sb;Hu;ThreeBetPot;RaiseCall;No;PostflopHuIpCaller;CvBet_F;;72,,;;;;
SixMax;Postflop;Btn;Ip;Bb;Hu;ThreeBetPot;RaiseCall;No;PostflopHuIpCaller;Check_R;;53,,;;;;
SixMax;Postflop;Sb;Any;Any;Multiway;LimpPot;Call;Yes;PostflopGeneral;Bet_F;10.305344;;;;;
SixMax;Postflop;Sb;Any;Any;Multiway;LimpPot;Call;Yes;PostflopGeneral;Bet_T;24.855492;;;;;
SixMax;Postflop;Sb;Any;Any;Multiway;LimpPot;Call;Yes;PostflopGeneral;Bet_R;23.762377;;;;;
SixMax;Postflop;Sb;Any;Any;Multiway;LimpPot;Call;Yes;PostflopGeneral;Check_F;89.69466;37,,;;;;
SixMax;Postflop;Sb;Any;Any;Multiway;LimpPot;Call;Yes;PostflopGeneral;Check_T;75.14451;41,,;;;;
SixMax;Postflop;Sb;Any;Any;Multiway;LimpPot;Call;Yes;PostflopGeneral;Check_R;76.237625;43,,;;;;
SixMax;Postflop;Sb;Any;Any;Multiway;LimpPot;Call;Yes;PostflopGeneral;FvBet_F;70.09346;;;;;
SixMax;Postflop;Sb;Any;Any;Multiway;LimpPot;Call;Yes;PostflopGeneral;CvBet_F;26.168224;;;;;
SixMax;Postflop;Sb;Any;Any;Multiway;LimpPot;Call;Yes;PostflopGeneral;Raise_F;3.7383177;;;;;
SixMax;Postflop;Sb;Oop;Bb;Hu;RaisePot;Raise;No;PostflopHuOopRaiser;CB_F;49.87047;46,48,;44,49,;60,,;;
SixMax;Postflop;Sb;Oop;Bb;Hu;RaisePot;Raise;No;PostflopHuOopRaiser;CB_T;46.4455;66,38,;;;65,,;
SixMax;Postflop;Sb;Oop;Bb;Hu;RaisePot;Raise;No;PostflopHuOopRaiser;CB_R;;72,,;;;;
SixMax;Postflop;Sb;Oop;Bb;Hu;RaisePot;Raise;No;PostflopHuOopRaiser;CX_F;50.12953;36,50,;;;;
SixMax;Postflop;Sb;Oop;Bb;Hu;RaisePot;Raise;No;PostflopHuOopRaiser;CX_T;53.5545;50,,;;;;
SixMax;Postflop;Sb;Oop;Bb;Hu;RaisePot;Raise;No;PostflopHuOopRaiser;DELAY_T;44.396553;62,,;;;75,,;
SixMax;Postflop;Sb;Oop;Bb;Hu;RaisePot;Raise;No;PostflopHuOopRaiser;DELAYX_T;55.603447;39,41,;;;;
SixMax;Postflop;Sb;Oop;Bb;Hu;RaisePot;Raise;No;PostflopHuOopRaiser;DELAYX_R;;39,,;;;;
SixMax;Postflop;Sb;Oop;Bb;Hu;RaisePot;Raise;No;PostflopHuOopRaiser;DELAY_T_B;;89,,;;;;
SixMax;Postflop;Sb;Oop;Bb;Hu;RaisePot;Raise;No;PostflopHuOopRaiser;DELAY_T_X;;51,,;;;;
SixMax;Postflop;Sb;Oop;Bb;Hu;RaisePot;Raise;No;PostflopHuOopRaiser;SDELAY_R;;77,,;;;;
SixMax;Postflop;Sb;Oop;Bb;Hu;RaisePot;Raise;No;PostflopHuOopRaiser;SDELAYX_R;;30,,;;;;
SixMax;Postflop;Sb;Oop;Bb;Hu;RaisePot;Raise;No;PostflopHuOopRaiser;FvFLOAT_F;52.903225;;;;;
SixMax;Postflop;Sb;Oop;Bb;Hu;RaisePot;Raise;No;PostflopHuOopRaiser;CvFLOAT_F;42.580647;58,,;;;;
SixMax;Postflop;Sb;Oop;Bb;Hu;RaisePot;Raise;No;PostflopHuOopRaiser;RvFLOAT_F;4.5454545;;;;;
SixMax;Postflop;Sb;Oop;Bb;Hu;RaisePot;Raise;No;PostflopHuOopRaiser;CvDelFLOAT_T;;57,,;;;;
SixMax;Postflop;Sb;Oop;Bb;Hu;RaisePot;Raise;No;PostflopHuOopRaiser;Bet_F;49.87047;46,48,;44,49,;60,,;;
SixMax;Postflop;Sb;Oop;Bb;Hu;RaisePot;Raise;No;PostflopHuOopRaiser;Bet_T;38.218925;60,39,;;;68,40,;
SixMax;Postflop;Sb;Oop;Bb;Hu;RaisePot;Raise;No;PostflopHuOopRaiser;Bet_R;36.182335;65,,;78,,;74,,;68,,;
SixMax;Postflop;Sb;Oop;Bb;Hu;RaisePot;Raise;No;PostflopHuOopRaiser;Check_F;50.12953;36,50,;;;;
SixMax;Postflop;Sb;Oop;Bb;Hu;RaisePot;Raise;No;PostflopHuOopRaiser;Check_T;61.781075;36,38,69;;;;
SixMax;Postflop;Sb;Oop;Bb;Hu;RaisePot;Raise;No;PostflopHuOopRaiser;Check_R;63.817665;33,,;;;;
SixMax;Postflop;Sb;Oop;Bb;Hu;RaisePot;Raise;No;PostflopHuOopRaiser;FvBet_F;52.903225;;;;;
SixMax;Postflop;Sb;Oop;Bb;Hu;RaisePot;Raise;No;PostflopHuOopRaiser;FvBet_T;52.48227;;;;;
SixMax;Postflop;Sb;Oop;Bb;Hu;RaisePot;Raise;No;PostflopHuOopRaiser;CvBet_F;42.580647;58,,;;;;
SixMax;Postflop;Sb;Oop;Bb;Hu;RaisePot;Raise;No;PostflopHuOopRaiser;CvBet_T;41.84397;57,,;;;;
SixMax;Postflop;Sb;Oop;Bb;Hu;RaisePot;Raise;No;PostflopHuOopRaiser;CvBet_R;;64,,;;;;
SixMax;Postflop;Sb;Oop;Bb;Hu;RaisePot;Raise;No;PostflopHuOopRaiser;Raise_F;4.5454545;;;;;
SixMax;Postflop;Sb;Oop;Bb;Hu;RaisePot;Raise;No;PostflopHuOopRaiser;Raise_T;5.755396;;;;;
SixMax;Postflop;Sb;Any;Any;Hu;IsolatePot;Raise;Any;PostflopGeneral;Bet_F;;69,,;;;;
SixMax;Postflop;Sb;Any;Any;Hu;IsolatePot;Raise;Any;PostflopGeneral;Check_F;;55,,;;;;
SixMax;Postflop;Sb;Any;Any;Hu;IsolatePot;Raise;Any;PostflopGeneral;Check_R;;50,,;;;;
SixMax;Postflop;Sb;Oop;Mp;Hu;RaisePot;Call;No;PostflopHuOopCaller;DONKX_F;;71,,;;;;
SixMax;Postflop;Sb;Oop;Mp;Hu;RaisePot;Call;No;PostflopHuOopCaller;Check_F;;71,,;;;;
SixMax;Postflop;Sb;Any;Any;Multiway;RaisePot;Call;Yes;PostflopGeneral;Bet_F;0.65789473;;;;;
SixMax;Postflop;Sb;Any;Any;Multiway;RaisePot;Call;Yes;PostflopGeneral;Check_F;99.3421;59,,;;;;
SixMax;Postflop;Sb;Any;Any;Multiway;RaisePot;Call;Yes;PostflopGeneral;Check_T;;65,,;;;;
SixMax;Postflop;Sb;Any;Any;Multiway;RaisePot;Call;Yes;PostflopGeneral;Check_R;;55,,;;;;
SixMax;Postflop;Sb;Oop;Co;Hu;ThreeBetPot;Raise;No;PostflopHuOopRaiser;CX_F;;62,,;;;;
SixMax;Postflop;Sb;Oop;Co;Hu;ThreeBetPot;Raise;No;PostflopHuOopRaiser;Check_F;;62,,;;;;
SixMax;Postflop;Sb;Oop;Co;Hu;ThreeBetPot;Raise;No;PostflopHuOopRaiser;Check_R;;57,,;;;;
SixMax;Postflop;Sb;Oop;Btn;Hu;ThreeBetPot;Raise;No;PostflopHuOopRaiser;CB_F;63.057323;68,,;69,,;;;
SixMax;Postflop;Sb;Oop;Btn;Hu;ThreeBetPot;Raise;No;PostflopHuOopRaiser;CX_F;36.942677;59,,;;;;
SixMax;Postflop;Sb;Oop;Btn;Hu;ThreeBetPot;Raise;No;PostflopHuOopRaiser;Bet_F;63.057323;68,,;69,,;;;
SixMax;Postflop;Sb;Oop;Btn;Hu;ThreeBetPot;Raise;No;PostflopHuOopRaiser;Bet_T;43.119267;73,,;;;;
SixMax;Postflop;Sb;Oop;Btn;Hu;ThreeBetPot;Raise;No;PostflopHuOopRaiser;Check_F;36.942677;59,,;;;;
SixMax;Postflop;Sb;Oop;Btn;Hu;ThreeBetPot;Raise;No;PostflopHuOopRaiser;Check_T;56.880733;58,,;;;;
SixMax;Postflop;Sb;Oop;Btn;Hu;ThreeBetPot;Raise;No;PostflopHuOopRaiser;Check_R;;51,,;;;;
SixMax;Postflop;Sb;Any;Any;Hu;SqueezePot;Raise;Any;PostflopGeneral;Bet_F;;75,,;;;;
SixMax;Postflop;Sb;Oop;Bb;Hu;ThreeBetPot;RaiseCall;No;PostflopHuOopCaller;DONKX_F;;60,,;;;;
SixMax;Postflop;Sb;Oop;Bb;Hu;ThreeBetPot;RaiseCall;No;PostflopHuOopCaller;Check_F;;60,,;;;;
SixMax;Postflop;Sb;Oop;Bb;Hu;ThreeBetPot;RaiseCall;No;PostflopHuOopCaller;Check_R;;53,,;;;;
SixMax;Postflop;Bb;Oop;Ep;Hu;LimpPot;Check;No;PostflopHuOopCaller;DONKX_F;;54,,;;;;
SixMax;Postflop;Bb;Oop;Ep;Hu;LimpPot;Check;No;PostflopHuOopCaller;SPROBEX_R;;29,,;;;;
SixMax;Postflop;Bb;Oop;Ep;Hu;LimpPot;Check;No;PostflopHuOopCaller;Check_F;;54,,;;;;
SixMax;Postflop;Bb;Oop;Ep;Hu;LimpPot;Check;No;PostflopHuOopCaller;Check_T;;52,,;;;;
SixMax;Postflop;Bb;Oop;Ep;Hu;LimpPot;Check;No;PostflopHuOopCaller;Check_R;;36,,;;;;
SixMax;Postflop;Bb;Oop;Mp;Hu;LimpPot;Check;No;PostflopHuOopCaller;DONK_F;6.4220185;;;;;
SixMax;Postflop;Bb;Oop;Mp;Hu;LimpPot;Check;No;PostflopHuOopCaller;DONKX_F;93.57798;34,,;;;;
SixMax;Postflop;Bb;Oop;Mp;Hu;LimpPot;Check;No;PostflopHuOopCaller;PROBEX_T;;34,,;;;;
SixMax;Postflop;Bb;Oop;Mp;Hu;LimpPot;Check;No;PostflopHuOopCaller;SPROBEX_R;;37,,;;;;
SixMax;Postflop;Bb;Oop;Mp;Hu;LimpPot;Check;No;PostflopHuOopCaller;Bet_F;6.4220185;;;;;
SixMax;Postflop;Bb;Oop;Mp;Hu;LimpPot;Check;No;PostflopHuOopCaller;Check_F;93.57798;34,,;;;;
SixMax;Postflop;Bb;Oop;Mp;Hu;LimpPot;Check;No;PostflopHuOopCaller;Check_T;;36,,;;;;
SixMax;Postflop;Bb;Oop;Mp;Hu;LimpPot;Check;No;PostflopHuOopCaller;Check_R;;39,,;;;;
SixMax;Postflop;Bb;Oop;Co;Hu;LimpPot;Check;No;PostflopHuOopCaller;DONK_F;13.793103;;;;;
SixMax;Postflop;Bb;Oop;Co;Hu;LimpPot;Check;No;PostflopHuOopCaller;DONKX_F;86.206894;40,,;;;;
SixMax;Postflop;Bb;Oop;Co;Hu;LimpPot;Check;No;PostflopHuOopCaller;PROBEX_T;;40,,;;;;
SixMax;Postflop;Bb;Oop;Co;Hu;LimpPot;Check;No;PostflopHuOopCaller;SPROBEX_R;;36,,;;;;
SixMax;Postflop;Bb;Oop;Co;Hu;LimpPot;Check;No;PostflopHuOopCaller;Bet_F;13.793103;;;;;
SixMax;Postflop;Bb;Oop;Co;Hu;LimpPot;Check;No;PostflopHuOopCaller;Check_F;86.206894;40,,;;;;
SixMax;Postflop;Bb;Oop;Co;Hu;LimpPot;Check;No;PostflopHuOopCaller;Check_T;;45,,;;;;
SixMax;Postflop;Bb;Oop;Co;Hu;LimpPot;Check;No;PostflopHuOopCaller;Check_R;;42,,;;;;
SixMax;Postflop;Bb;Oop;Btn;Hu;LimpPot;Check;No;PostflopHuOopCaller;DONK_F;7.913669;;;;;
SixMax;Postflop;Bb;Oop;Btn;Hu;LimpPot;Check;No;PostflopHuOopCaller;DONKX_F;92.086334;31,,;;;;
SixMax;Postflop;Bb;Oop;Btn;Hu;LimpPot;Check;No;PostflopHuOopCaller;PROBEX_T;;30,,;;;;
SixMax;Postflop;Bb;Oop;Btn;Hu;LimpPot;Check;No;PostflopHuOopCaller;SPROBEX_R;;26,,;;;;
SixMax;Postflop;Bb;Oop;Btn;Hu;LimpPot;Check;No;PostflopHuOopCaller;Bet_F;7.913669;;;;;
SixMax;Postflop;Bb;Oop;Btn;Hu;LimpPot;Check;No;PostflopHuOopCaller;Check_F;92.086334;31,,;;;;
SixMax;Postflop;Bb;Oop;Btn;Hu;LimpPot;Check;No;PostflopHuOopCaller;Check_T;;32,,;;;;
SixMax;Postflop;Bb;Oop;Btn;Hu;LimpPot;Check;No;PostflopHuOopCaller;Check_R;;36,,;;;;
SixMax;Postflop;Bb;Ip;Sb;Hu;LimpPot;Check;No;PostflopHuIpCaller;FLOAT_F;23.15271;;;;;
SixMax;Postflop;Bb;Ip;Sb;Hu;LimpPot;Check;No;PostflopHuIpCaller;FLOATX_F;76.84729;26,,;;;;
SixMax;Postflop;Bb;Ip;Sb;Hu;LimpPot;Check;No;PostflopHuIpCaller;DelFLOATX_T;;21,24,;;;;
SixMax;Postflop;Bb;Ip;Sb;Hu;LimpPot;Check;No;PostflopHuIpCaller;SDelFLOATX_R;;17,,;;;;
SixMax;Postflop;Bb;Ip;Sb;Hu;LimpPot;Check;No;PostflopHuIpCaller;Bet_F;23.15271;;;;;
SixMax;Postflop;Bb;Ip;Sb;Hu;LimpPot;Check;No;PostflopHuIpCaller;Bet_T;30.76923;;;;;
SixMax;Postflop;Bb;Ip;Sb;Hu;LimpPot;Check;No;PostflopHuIpCaller;Check_F;76.84729;26,,;;;;
SixMax;Postflop;Bb;Ip;Sb;Hu;LimpPot;Check;No;PostflopHuIpCaller;Check_T;69.23077;26,23,;;;;
SixMax;Postflop;Bb;Ip;Sb;Hu;LimpPot;Check;No;PostflopHuIpCaller;Check_R;;16,,;;;;
SixMax;Postflop;Bb;Any;Any;Multiway;LimpPot;Check;Yes;PostflopGeneral;Bet_F;8.87372;;;;;
SixMax;Postflop;Bb;Any;Any;Multiway;LimpPot;Check;Yes;PostflopGeneral;Bet_T;21.088436;;;;;
SixMax;Postflop;Bb;Any;Any;Multiway;LimpPot;Check;Yes;PostflopGeneral;Check_F;91.12628;26,45,;;;;
SixMax;Postflop;Bb;Any;Any;Multiway;LimpPot;Check;Yes;PostflopGeneral;Check_T;78.91157;28,34,;;;;
SixMax;Postflop;Bb;Any;Any;Multiway;LimpPot;Check;Yes;PostflopGeneral;Check_R;;27,,;;;;
SixMax;Postflop;Bb;Any;Any;Multiway;LimpPot;Check;Yes;PostflopGeneral;FvBet_F;76.875;;;;;
SixMax;Postflop;Bb;Any;Any;Multiway;LimpPot;Check;Yes;PostflopGeneral;CvBet_F;18.125;;;;;
SixMax;Postflop;Bb;Any;Any;Multiway;LimpPot;Check;Yes;PostflopGeneral;Raise_F;5;;;;;
SixMax;Postflop;Bb;Ip;Sb;Hu;IsolatePot;Raise;No;PostflopHuIpRaiser;CX_F;;43,,;;;;
SixMax;Postflop;Bb;Ip;Sb;Hu;IsolatePot;Raise;No;PostflopHuIpRaiser;Check_F;;43,,;;;;
SixMax;Postflop;Bb;Ip;Sb;Hu;IsolatePot;Raise;No;PostflopHuIpRaiser;Check_T;;39,,;;;;
SixMax;Postflop;Bb;Ip;Sb;Hu;IsolatePot;Raise;No;PostflopHuIpRaiser;Check_R;;40,,;;;;
SixMax;Postflop;Bb;Any;Any;Hu;IsolatePot;Raise;Any;PostflopGeneral;Check_R;;68,,;;;;
SixMax;Postflop;Bb;Oop;Ep;Hu;RaisePot;Call;No;PostflopHuOopCaller;CvCB_F;;62,,;;;;
SixMax;Postflop;Bb;Oop;Ep;Hu;RaisePot;Call;No;PostflopHuOopCaller;DONK_F;0.64935064;;;;;
SixMax;Postflop;Bb;Oop;Ep;Hu;RaisePot;Call;No;PostflopHuOopCaller;DONKX_F;99.35065;54,54,;;;;
SixMax;Postflop;Bb;Oop;Ep;Hu;RaisePot;Call;No;PostflopHuOopCaller;PROBEX_T;;55,,;;;;
SixMax;Postflop;Bb;Oop;Ep;Hu;RaisePot;Call;No;PostflopHuOopCaller;SPROBEX_R;;47,,;;;;
SixMax;Postflop;Bb;Oop;Ep;Hu;RaisePot;Call;No;PostflopHuOopCaller;Bet_F;0.64935064;;;;;
SixMax;Postflop;Bb;Oop;Ep;Hu;RaisePot;Call;No;PostflopHuOopCaller;Bet_T;22.857143;;;;;
SixMax;Postflop;Bb;Oop;Ep;Hu;RaisePot;Call;No;PostflopHuOopCaller;Bet_R;;77,,;;;;
SixMax;Postflop;Bb;Oop;Ep;Hu;RaisePot;Call;No;PostflopHuOopCaller;Check_F;99.35065;54,54,;;;;
SixMax;Postflop;Bb;Oop;Ep;Hu;RaisePot;Call;No;PostflopHuOopCaller;Check_T;77.14286;56,,;;;;
SixMax;Postflop;Bb;Oop;Ep;Hu;RaisePot;Call;No;PostflopHuOopCaller;Check_R;;50,,;;;;
SixMax;Postflop;Bb;Oop;Ep;Hu;RaisePot;Call;No;PostflopHuOopCaller;CvBet_F;;62,,;;;;
SixMax;Postflop;Bb;Oop;Mp;Hu;RaisePot;Call;No;PostflopHuOopCaller;FvCB_F;48.756218;;;;;
SixMax;Postflop;Bb;Oop;Mp;Hu;RaisePot;Call;No;PostflopHuOopCaller;CvCB_F;38.308456;62,,;;;;
SixMax;Postflop;Bb;Oop;Mp;Hu;RaisePot;Call;No;PostflopHuOopCaller;RvCB_F;13;;;;;
SixMax;Postflop;Bb;Oop;Mp;Hu;RaisePot;Call;No;PostflopHuOopCaller;DONK_F;0.64724916;;;;;
SixMax;Postflop;Bb;Oop;Mp;Hu;RaisePot;Call;No;PostflopHuOopCaller;DONKX_F;99.35275;38,49,;;;;
SixMax;Postflop;Bb;Oop;Mp;Hu;RaisePot;Call;No;PostflopHuOopCaller;DONKX_T;;67,,;;;;
SixMax;Postflop;Bb;Oop;Mp;Hu;RaisePot;Call;No;PostflopHuOopCaller;PROBE_T;29.245283;;;;;
SixMax;Postflop;Bb;Oop;Mp;Hu;RaisePot;Call;No;PostflopHuOopCaller;PROBEX_T;70.754715;38,,;;;;
SixMax;Postflop;Bb;Oop;Mp;Hu;RaisePot;Call;No;PostflopHuOopCaller;PROBEX_R;;55,,;;;;
SixMax;Postflop;Bb;Oop;Mp;Hu;RaisePot;Call;No;PostflopHuOopCaller;SPROBEX_R;;31,,;;;;
SixMax;Postflop;Bb;Oop;Mp;Hu;RaisePot;Call;No;PostflopHuOopCaller;Bet_F;0.64724916;;;;;
SixMax;Postflop;Bb;Oop;Mp;Hu;RaisePot;Call;No;PostflopHuOopCaller;Bet_T;22.613066;;;;;
SixMax;Postflop;Bb;Oop;Mp;Hu;RaisePot;Call;No;PostflopHuOopCaller;Bet_R;36.842106;86,,;;;;
SixMax;Postflop;Bb;Oop;Mp;Hu;RaisePot;Call;No;PostflopHuOopCaller;Check_F;99.35275;38,49,;;;;
SixMax;Postflop;Bb;Oop;Mp;Hu;RaisePot;Call;No;PostflopHuOopCaller;Check_T;77.38693;42,,67;;;;
SixMax;Postflop;Bb;Oop;Mp;Hu;RaisePot;Call;No;PostflopHuOopCaller;Check_R;63.157894;35,,;;;;
SixMax;Postflop;Bb;Oop;Mp;Hu;RaisePot;Call;No;PostflopHuOopCaller;FvBet_F;48.756218;;;;;
SixMax;Postflop;Bb;Oop;Mp;Hu;RaisePot;Call;No;PostflopHuOopCaller;CvBet_F;38.308456;62,,;;;;
SixMax;Postflop;Bb;Oop;Mp;Hu;RaisePot;Call;No;PostflopHuOopCaller;CvBet_T;;77,,;;;;
SixMax;Postflop;Bb;Oop;Mp;Hu;RaisePot;Call;No;PostflopHuOopCaller;CvBet_R;;71,,;;;;
SixMax;Postflop;Bb;Oop;Mp;Hu;RaisePot;Call;No;PostflopHuOopCaller;Raise_F;13;;;;;
SixMax;Postflop;Bb;Oop;Co;Hu;RaisePot;Call;No;PostflopHuOopCaller;FvCB_F;48;;;;;
SixMax;Postflop;Bb;Oop;Co;Hu;RaisePot;Call;No;PostflopHuOopCaller;CvCB_F;37.2;59,,;;;;
SixMax;Postflop;Bb;Oop;Co;Hu;RaisePot;Call;No;PostflopHuOopCaller;CvCB_T;;74,,;;;;
SixMax;Postflop;Bb;Oop;Co;Hu;RaisePot;Call;No;PostflopHuOopCaller;RvCB_F;14.8;;;;;
SixMax;Postflop;Bb;Oop;Co;Hu;RaisePot;Call;No;PostflopHuOopCaller;DONK_F;0;;;;;
SixMax;Postflop;Bb;Oop;Co;Hu;RaisePot;Call;No;PostflopHuOopCaller;DONKX_F;100;33,48,;;;;
SixMax;Postflop;Bb;Oop;Co;Hu;RaisePot;Call;No;PostflopHuOopCaller;DONKX_T;;59,,;;;;
SixMax;Postflop;Bb;Oop;Co;Hu;RaisePot;Call;No;PostflopHuOopCaller;DONKX_R;;65,,;;;;
SixMax;Postflop;Bb;Oop;Co;Hu;RaisePot;Call;No;PostflopHuOopCaller;PROBE_T;41.830067;68,,;;;;
SixMax;Postflop;Bb;Oop;Co;Hu;RaisePot;Call;No;PostflopHuOopCaller;PROBEX_T;58.169933;38,,;;;;
SixMax;Postflop;Bb;Oop;Co;Hu;RaisePot;Call;No;PostflopHuOopCaller;PROBEX_R;;58,,;;;;
SixMax;Postflop;Bb;Oop;Co;Hu;RaisePot;Call;No;PostflopHuOopCaller;PROBE_T_B;;73,,;;;;
SixMax;Postflop;Bb;Oop;Co;Hu;RaisePot;Call;No;PostflopHuOopCaller;SPROBEX_R;;26,,;;;;
SixMax;Postflop;Bb;Oop;Co;Hu;RaisePot;Call;No;PostflopHuOopCaller;Bet_F;0;;;;;
SixMax;Postflop;Bb;Oop;Co;Hu;RaisePot;Call;No;PostflopHuOopCaller;Bet_T;28.089888;68,,;;;;
SixMax;Postflop;Bb;Oop;Co;Hu;RaisePot;Call;No;PostflopHuOopCaller;Bet_R;36.413044;65,,;;;70,,;
SixMax;Postflop;Bb;Oop;Co;Hu;RaisePot;Call;No;PostflopHuOopCaller;Check_F;100;33,48,;;;;
SixMax;Postflop;Bb;Oop;Co;Hu;RaisePot;Call;No;PostflopHuOopCaller;Check_T;71.91011;41,44,70;;;;
SixMax;Postflop;Bb;Oop;Co;Hu;RaisePot;Call;No;PostflopHuOopCaller;Check_R;63.586956;30,,;;;;
SixMax;Postflop;Bb;Oop;Co;Hu;RaisePot;Call;No;PostflopHuOopCaller;FvBet_F;48;;;;;
SixMax;Postflop;Bb;Oop;Co;Hu;RaisePot;Call;No;PostflopHuOopCaller;CvBet_F;37.2;59,,;;;;
SixMax;Postflop;Bb;Oop;Co;Hu;RaisePot;Call;No;PostflopHuOopCaller;CvBet_T;;71,,;;;;
SixMax;Postflop;Bb;Oop;Co;Hu;RaisePot;Call;No;PostflopHuOopCaller;CvBet_R;;68,,;;;;
SixMax;Postflop;Bb;Oop;Co;Hu;RaisePot;Call;No;PostflopHuOopCaller;Raise_F;14.8;;;;;
SixMax;Postflop;Bb;Oop;Btn;Hu;RaisePot;Call;No;PostflopHuOopCaller;FvCB_F;51.48515;;;;;
SixMax;Postflop;Bb;Oop;Btn;Hu;RaisePot;Call;No;PostflopHuOopCaller;CvCB_F;33.910892;58,49,;;;;
SixMax;Postflop;Bb;Oop;Btn;Hu;RaisePot;Call;No;PostflopHuOopCaller;CvCB_T;;69,,;;;;
SixMax;Postflop;Bb;Oop;Btn;Hu;RaisePot;Call;No;PostflopHuOopCaller;RvCB_F;14.60396;;;;;
SixMax;Postflop;Bb;Oop;Btn;Hu;RaisePot;Call;No;PostflopHuOopCaller;DONK_F;0.6042296;;;;;
SixMax;Postflop;Bb;Oop;Btn;Hu;RaisePot;Call;No;PostflopHuOopCaller;DONK_T;3.649635;;;;;
SixMax;Postflop;Bb;Oop;Btn;Hu;RaisePot;Call;No;PostflopHuOopCaller;DONKX_F;99.39577;33,47,73;;;;
SixMax;Postflop;Bb;Oop;Btn;Hu;RaisePot;Call;No;PostflopHuOopCaller;DONKX_T;96.350365;62,40,;;;;
SixMax;Postflop;Bb;Oop;Btn;Hu;RaisePot;Call;No;PostflopHuOopCaller;DONKX_R;;66,,;;;;
SixMax;Postflop;Bb;Oop;Btn;Hu;RaisePot;Call;No;PostflopHuOopCaller;PROBE_T;43.700787;;;;;
SixMax;Postflop;Bb;Oop;Btn;Hu;RaisePot;Call;No;PostflopHuOopCaller;PROBEX_T;56.299213;37,,;;;;
SixMax;Postflop;Bb;Oop;Btn;Hu;RaisePot;Call;No;PostflopHuOopCaller;PROBEX_R;;52,,;;;;
SixMax;Postflop;Bb;Oop;Btn;Hu;RaisePot;Call;No;PostflopHuOopCaller;PROBE_T_B;;59,,;;;;
SixMax;Postflop;Bb;Oop;Btn;Hu;RaisePot;Call;No;PostflopHuOopCaller;PROBE_T_X;;49,,;;;;
SixMax;Postflop;Bb;Oop;Btn;Hu;RaisePot;Call;No;PostflopHuOopCaller;SPROBEX_R;;29,,;;;;
SixMax;Postflop;Bb;Oop;Btn;Hu;RaisePot;Call;No;PostflopHuOopCaller;Bet_F;0.6042296;;;;;
SixMax;Postflop;Bb;Oop;Btn;Hu;RaisePot;Call;No;PostflopHuOopCaller;Bet_T;31.924883;70,42,;;;;
SixMax;Postflop;Bb;Oop;Btn;Hu;RaisePot;Call;No;PostflopHuOopCaller;Bet_R;39.179104;56,,;67,,;;56,,;
SixMax;Postflop;Bb;Oop;Btn;Hu;RaisePot;Call;No;PostflopHuOopCaller;Check_F;99.39577;33,47,73;;;;
SixMax;Postflop;Bb;Oop;Btn;Hu;RaisePot;Call;No;PostflopHuOopCaller;Check_T;68.07512;36,36,70;;;;
SixMax;Postflop;Bb;Oop;Btn;Hu;RaisePot;Call;No;PostflopHuOopCaller;Check_R;60.820896;24,,;;;;
SixMax;Postflop;Bb;Oop;Btn;Hu;RaisePot;Call;No;PostflopHuOopCaller;FvBet_F;51.48515;;;;;
SixMax;Postflop;Bb;Oop;Btn;Hu;RaisePot;Call;No;PostflopHuOopCaller;FvBet_T;62.5;;;;;
SixMax;Postflop;Bb;Oop;Btn;Hu;RaisePot;Call;No;PostflopHuOopCaller;CvBet_F;33.910892;58,49,;;;;
SixMax;Postflop;Bb;Oop;Btn;Hu;RaisePot;Call;No;PostflopHuOopCaller;CvBet_T;30.833334;66,,;;;;
SixMax;Postflop;Bb;Oop;Btn;Hu;RaisePot;Call;No;PostflopHuOopCaller;CvBet_R;;66,,;;;;
SixMax;Postflop;Bb;Oop;Btn;Hu;RaisePot;Call;No;PostflopHuOopCaller;Raise_F;14.60396;;;;;
SixMax;Postflop;Bb;Oop;Btn;Hu;RaisePot;Call;No;PostflopHuOopCaller;Raise_T;6.6666665;;;;;
SixMax;Postflop;Bb;Ip;Sb;Hu;RaisePot;Call;No;PostflopHuIpCaller;FvCB_F;44.736843;;;;;
SixMax;Postflop;Bb;Ip;Sb;Hu;RaisePot;Call;No;PostflopHuIpCaller;CvCB_F;42.105263;55,43,;;;;
SixMax;Postflop;Bb;Ip;Sb;Hu;RaisePot;Call;No;PostflopHuIpCaller;RvCB_F;13.157895;;;;;
SixMax;Postflop;Bb;Ip;Sb;Hu;RaisePot;Call;No;PostflopHuIpCaller;CvDELAY_T;;65,,;;;;
SixMax;Postflop;Bb;Ip;Sb;Hu;RaisePot;Call;No;PostflopHuIpCaller;FLOATDELAYX_R;;58,,;;;;
SixMax;Postflop;Bb;Ip;Sb;Hu;RaisePot;Call;No;PostflopHuIpCaller;FLOAT_F;40.689655;60,,;59,,;;;
SixMax;Postflop;Bb;Ip;Sb;Hu;RaisePot;Call;No;PostflopHuIpCaller;FLOATX_F;59.310345;33,,;;;;
SixMax;Postflop;Bb;Ip;Sb;Hu;RaisePot;Call;No;PostflopHuIpCaller;FLOATX_T;;53,,;;;;
SixMax;Postflop;Bb;Ip;Sb;Hu;RaisePot;Call;No;PostflopHuIpCaller;FLOAT_F_XX;;45,,;;;;
SixMax;Postflop;Bb;Ip;Sb;Hu;RaisePot;Call;No;PostflopHuIpCaller;DelFLOAT_T;38.834953;;;;;
SixMax;Postflop;Bb;Ip;Sb;Hu;RaisePot;Call;No;PostflopHuIpCaller;DelFLOATX_T;61.165047;40,,;;;;
SixMax;Postflop;Bb;Ip;Sb;Hu;RaisePot;Call;No;PostflopHuIpCaller;DelFLOATX_R;;35,,;;;;
SixMax;Postflop;Bb;Ip;Sb;Hu;RaisePot;Call;No;PostflopHuIpCaller;SDelFLOATX_R;;33,,;;;;
SixMax;Postflop;Bb;Ip;Sb;Hu;RaisePot;Call;No;PostflopHuIpCaller;Bet_F;40.689655;60,,;59,,;;;
SixMax;Postflop;Bb;Ip;Sb;Hu;RaisePot;Call;No;PostflopHuIpCaller;Bet_T;45.210728;66,33,;;;79,,;
SixMax;Postflop;Bb;Ip;Sb;Hu;RaisePot;Call;No;PostflopHuIpCaller;Bet_R;39.673912;74,,;;;75,,;
SixMax;Postflop;Bb;Ip;Sb;Hu;RaisePot;Call;No;PostflopHuIpCaller;Check_F;59.310345;33,,;;;;
SixMax;Postflop;Bb;Ip;Sb;Hu;RaisePot;Call;No;PostflopHuIpCaller;Check_T;54.789272;40,34,;;;;
SixMax;Postflop;Bb;Ip;Sb;Hu;RaisePot;Call;No;PostflopHuIpCaller;Check_R;60.326088;26,,;;;;
SixMax;Postflop;Bb;Ip;Sb;Hu;RaisePot;Call;No;PostflopHuIpCaller;FvBet_F;44.736843;;;;;
SixMax;Postflop;Bb;Ip;Sb;Hu;RaisePot;Call;No;PostflopHuIpCaller;FvBet_T;57.333332;;;;;
SixMax;Postflop;Bb;Ip;Sb;Hu;RaisePot;Call;No;PostflopHuIpCaller;CvBet_F;42.105263;55,43,;;;;
SixMax;Postflop;Bb;Ip;Sb;Hu;RaisePot;Call;No;PostflopHuIpCaller;CvBet_T;34;64,,78;;;;
SixMax;Postflop;Bb;Ip;Sb;Hu;RaisePot;Call;No;PostflopHuIpCaller;CvBet_R;;65,,;;;;
SixMax;Postflop;Bb;Ip;Sb;Hu;RaisePot;Call;No;PostflopHuIpCaller;Raise_F;13.157895;;;;;
SixMax;Postflop;Bb;Ip;Sb;Hu;RaisePot;Call;No;PostflopHuIpCaller;Raise_T;8.724833;;;;;
SixMax;Postflop;Bb;Any;Any;Multiway;RaisePot;Call;Yes;PostflopGeneral;Bet_F;2.5373135;;;;;
SixMax;Postflop;Bb;Any;Any;Multiway;RaisePot;Call;Yes;PostflopGeneral;Bet_T;24.376732;72,,;;;;
SixMax;Postflop;Bb;Any;Any;Multiway;RaisePot;Call;Yes;PostflopGeneral;Bet_R;25;73,,;;;;
SixMax;Postflop;Bb;Any;Any;Multiway;RaisePot;Call;Yes;PostflopGeneral;Check_F;97.462685;35,42,69;;;;
SixMax;Postflop;Bb;Any;Any;Multiway;RaisePot;Call;Yes;PostflopGeneral;Check_T;75.62327;41,31,65;;;;
SixMax;Postflop;Bb;Any;Any;Multiway;RaisePot;Call;Yes;PostflopGeneral;Check_R;75;27,,;;;;
SixMax;Postflop;Bb;Any;Any;Multiway;RaisePot;Call;Yes;PostflopGeneral;FvBet_F;66.4042;;;;;
SixMax;Postflop;Bb;Any;Any;Multiway;RaisePot;Call;Yes;PostflopGeneral;FvBet_T;69.270836;;;;;
SixMax;Postflop;Bb;Any;Any;Multiway;RaisePot;Call;Yes;PostflopGeneral;CvBet_F;27.296587;66,,;;;;
SixMax;Postflop;Bb;Any;Any;Multiway;RaisePot;Call;Yes;PostflopGeneral;CvBet_T;26.5625;74,,74;;;;
SixMax;Postflop;Bb;Any;Any;Multiway;RaisePot;Call;Yes;PostflopGeneral;CvBet_R;;71,,;;;;
SixMax;Postflop;Bb;Any;Any;Multiway;RaisePot;Call;Yes;PostflopGeneral;Raise_F;6.3324537;;;;;
SixMax;Postflop;Bb;Any;Any;Multiway;RaisePot;Call;Yes;PostflopGeneral;Raise_T;4.188482;;;;;
SixMax;Postflop;Bb;Oop;Co;Hu;ThreeBetPot;Raise;No;PostflopHuOopRaiser;CB_F;;68,,;;;;
SixMax;Postflop;Bb;Oop;Co;Hu;ThreeBetPot;Raise;No;PostflopHuOopRaiser;Bet_F;;68,,;;;;
SixMax;Postflop;Bb;Oop;Co;Hu;ThreeBetPot;Raise;No;PostflopHuOopRaiser;Check_R;;59,,;;;;
SixMax;Postflop;Bb;Oop;Btn;Hu;ThreeBetPot;Raise;No;PostflopHuOopRaiser;CB_F;;70,,;;;;
SixMax;Postflop;Bb;Oop;Btn;Hu;ThreeBetPot;Raise;No;PostflopHuOopRaiser;Bet_F;;70,,;;;;
SixMax;Postflop;Bb;Oop;Btn;Hu;ThreeBetPot;Raise;No;PostflopHuOopRaiser;Check_R;;68,,;;;;
SixMax;Postflop;Bb;Ip;Sb;Hu;ThreeBetPot;Raise;No;PostflopHuIpRaiser;CB_F;;63,,;;;;
SixMax;Postflop;Bb;Ip;Sb;Hu;ThreeBetPot;Raise;No;PostflopHuIpRaiser;Bet_F;;63,,;;;;
SixMax;Postflop;Bb;Ip;Sb;Hu;ThreeBetPot;Raise;No;PostflopHuIpRaiser;Check_T;;57,,;;;;
SixMax;Postflop;Ep;Oop;Mp;Hu;RaisePot;Raise;No;PostflopHuOopRaiser;Check_R;;69,,;;;;
SixMax;Postflop;Ep;Oop;Co;Hu;RaisePot;Raise;No;PostflopHuOopRaiser;CX_F;;61,,;;;;
SixMax;Postflop;Ep;Oop;Co;Hu;RaisePot;Raise;No;PostflopHuOopRaiser;Check_F;;61,,;;;;
SixMax;Postflop;Ep;Oop;Co;Hu;RaisePot;Raise;No;PostflopHuOopRaiser;Check_R;;50,,;;;;
SixMax;Postflop;Ep;Oop;Btn;Hu;RaisePot;Raise;No;PostflopHuOopRaiser;CX_F;;61,,;;;;
SixMax;Postflop;Ep;Oop;Btn;Hu;RaisePot;Raise;No;PostflopHuOopRaiser;Check_F;;61,,;;;;
SixMax;Postflop;Ep;Oop;Btn;Hu;RaisePot;Raise;No;PostflopHuOopRaiser;Check_T;;63,,;;;;
SixMax;Postflop;Ep;Oop;Btn;Hu;RaisePot;Raise;No;PostflopHuOopRaiser;Check_R;;49,,;;;;
SixMax;Postflop;Ep;Ip;Sb;Hu;RaisePot;Raise;No;PostflopHuIpRaiser;CB_F;;64,,;;;;
SixMax;Postflop;Ep;Ip;Sb;Hu;RaisePot;Raise;No;PostflopHuIpRaiser;Bet_F;;64,,;;;;
SixMax;Postflop;Ep;Ip;Sb;Hu;RaisePot;Raise;No;PostflopHuIpRaiser;Check_R;;53,,;;;;
SixMax;Postflop;Ep;Ip;Bb;Hu;RaisePot;Raise;No;PostflopHuIpRaiser;CB_F;61.24402;57,,;52,,;;;
SixMax;Postflop;Ep;Ip;Bb;Hu;RaisePot;Raise;No;PostflopHuIpRaiser;CX_F;38.75598;44,,;;;;
SixMax;Postflop;Ep;Ip;Bb;Hu;RaisePot;Raise;No;PostflopHuIpRaiser;DELAYX_T;;42,,;;;;
SixMax;Postflop;Ep;Ip;Bb;Hu;RaisePot;Raise;No;PostflopHuIpRaiser;SDELAYX_R;;41,,;;;;
SixMax;Postflop;Ep;Ip;Bb;Hu;RaisePot;Raise;No;PostflopHuIpRaiser;Bet_F;61.24402;57,,;52,,;;;
SixMax;Postflop;Ep;Ip;Bb;Hu;RaisePot;Raise;No;PostflopHuIpRaiser;Bet_T;43.119267;;;;;
SixMax;Postflop;Ep;Ip;Bb;Hu;RaisePot;Raise;No;PostflopHuIpRaiser;Bet_R;;80,,;;;;
SixMax;Postflop;Ep;Ip;Bb;Hu;RaisePot;Raise;No;PostflopHuIpRaiser;Check_F;38.75598;44,,;;;;
SixMax;Postflop;Ep;Ip;Bb;Hu;RaisePot;Raise;No;PostflopHuIpRaiser;Check_T;56.880733;43,,;;;;
SixMax;Postflop;Ep;Ip;Bb;Hu;RaisePot;Raise;No;PostflopHuIpRaiser;Check_R;;38,,;;;;
SixMax;Postflop;Ep;Ip;Bb;Hu;RaisePot;Raise;No;PostflopHuIpRaiser;CvBet_R;;63,,;;;;
SixMax;Postflop;Ep;Any;Any;Multiway;RaisePot;Raise;Yes;PostflopGeneral;Bet_F;29.62963;77,,;;;;
SixMax;Postflop;Ep;Any;Any;Multiway;RaisePot;Raise;Yes;PostflopGeneral;Bet_T;33.898304;72,,;;;;
SixMax;Postflop;Ep;Any;Any;Multiway;RaisePot;Raise;Yes;PostflopGeneral;Bet_R;;74,,;;;;
SixMax;Postflop;Ep;Any;Any;Multiway;RaisePot;Raise;Yes;PostflopGeneral;Check_F;70.37037;51,,;;;;
SixMax;Postflop;Ep;Any;Any;Multiway;RaisePot;Raise;Yes;PostflopGeneral;Check_T;66.10169;57,,;;;;
SixMax;Postflop;Ep;Any;Any;Multiway;RaisePot;Raise;Yes;PostflopGeneral;Check_R;;49,,;;;;
SixMax;Postflop;Ep;Any;Any;Multiway;RaisePot;Raise;Yes;PostflopGeneral;CvBet_R;;74,,;;;;
SixMax;Postflop;Ep;Oop;Mp;Hu;ThreeBetPot;RaiseCall;No;PostflopHuOopCaller;DONKX_F;;66,,;;;;
SixMax;Postflop;Ep;Oop;Mp;Hu;ThreeBetPot;RaiseCall;No;PostflopHuOopCaller;Check_F;;66,,;;;;
SixMax;Postflop;Mp;Oop;Co;Hu;RaisePot;Raise;No;PostflopHuOopRaiser;CB_F;33.333332;60,,;;;;
SixMax;Postflop;Mp;Oop;Co;Hu;RaisePot;Raise;No;PostflopHuOopRaiser;CX_F;66.666664;56,,;;;;
SixMax;Postflop;Mp;Oop;Co;Hu;RaisePot;Raise;No;PostflopHuOopRaiser;DELAYX_T;;55,,;;;;
SixMax;Postflop;Mp;Oop;Co;Hu;RaisePot;Raise;No;PostflopHuOopRaiser;SDELAYX_R;;48,,;;;;
SixMax;Postflop;Mp;Oop;Co;Hu;RaisePot;Raise;No;PostflopHuOopRaiser;Bet_F;33.333332;60,,;;;;
SixMax;Postflop;Mp;Oop;Co;Hu;RaisePot;Raise;No;PostflopHuOopRaiser;Bet_R;;78,,;;;;
SixMax;Postflop;Mp;Oop;Co;Hu;RaisePot;Raise;No;PostflopHuOopRaiser;Check_F;66.666664;56,,;;;;
SixMax;Postflop;Mp;Oop;Co;Hu;RaisePot;Raise;No;PostflopHuOopRaiser;Check_T;;52,,;;;;
SixMax;Postflop;Mp;Oop;Co;Hu;RaisePot;Raise;No;PostflopHuOopRaiser;Check_R;;48,,;;;;
SixMax;Postflop;Mp;Oop;Btn;Hu;RaisePot;Raise;No;PostflopHuOopRaiser;CB_F;31.944445;63,,;;;;
SixMax;Postflop;Mp;Oop;Btn;Hu;RaisePot;Raise;No;PostflopHuOopRaiser;CX_F;68.05556;51,,;;;;
SixMax;Postflop;Mp;Oop;Btn;Hu;RaisePot;Raise;No;PostflopHuOopRaiser;DELAYX_T;;43,,;;;;
SixMax;Postflop;Mp;Oop;Btn;Hu;RaisePot;Raise;No;PostflopHuOopRaiser;SDELAYX_R;;47,,;;;;
SixMax;Postflop;Mp;Oop;Btn;Hu;RaisePot;Raise;No;PostflopHuOopRaiser;Bet_F;31.944445;63,,;;;;
SixMax;Postflop;Mp;Oop;Btn;Hu;RaisePot;Raise;No;PostflopHuOopRaiser;Bet_T;38.834953;;;;;
SixMax;Postflop;Mp;Oop;Btn;Hu;RaisePot;Raise;No;PostflopHuOopRaiser;Check_F;68.05556;51,,;;;;
SixMax;Postflop;Mp;Oop;Btn;Hu;RaisePot;Raise;No;PostflopHuOopRaiser;Check_T;61.165047;44,,;;;;
SixMax;Postflop;Mp;Oop;Btn;Hu;RaisePot;Raise;No;PostflopHuOopRaiser;Check_R;;43,,;;;;
SixMax;Postflop;Mp;Ip;Sb;Hu;RaisePot;Raise;No;PostflopHuIpRaiser;CB_F;62.601627;66,,;61,,;;;
SixMax;Postflop;Mp;Ip;Sb;Hu;RaisePot;Raise;No;PostflopHuIpRaiser;CX_F;37.398373;49,,;;;;
SixMax;Postflop;Mp;Ip;Sb;Hu;RaisePot;Raise;No;PostflopHuIpRaiser;Bet_F;62.601627;66,,;61,,;;;
SixMax;Postflop;Mp;Ip;Sb;Hu;RaisePot;Raise;No;PostflopHuIpRaiser;Check_F;37.398373;49,,;;;;
SixMax;Postflop;Mp;Ip;Sb;Hu;RaisePot;Raise;No;PostflopHuIpRaiser;Check_T;;55,,;;;;
SixMax;Postflop;Mp;Ip;Sb;Hu;RaisePot;Raise;No;PostflopHuIpRaiser;Check_R;;43,,;;;;
SixMax;Postflop;Mp;Ip;Bb;Hu;RaisePot;Raise;No;PostflopHuIpRaiser;CB_F;63.109047;50,57,;50,,;67,,;;
SixMax;Postflop;Mp;Ip;Bb;Hu;RaisePot;Raise;No;PostflopHuIpRaiser;CB_T;52.63158;77,,;;;;
SixMax;Postflop;Mp;Ip;Bb;Hu;RaisePot;Raise;No;PostflopHuIpRaiser;CX_F;36.890953;39,,;;;;
SixMax;Postflop;Mp;Ip;Bb;Hu;RaisePot;Raise;No;PostflopHuIpRaiser;CX_T;47.36842;46,,;;;;
SixMax;Postflop;Mp;Ip;Bb;Hu;RaisePot;Raise;No;PostflopHuIpRaiser;CX_R;;66,,;;;;
SixMax;Postflop;Mp;Ip;Bb;Hu;RaisePot;Raise;No;PostflopHuIpRaiser;DELAYX_T;;38,,;;;;
SixMax;Postflop;Mp;Ip;Bb;Hu;RaisePot;Raise;No;PostflopHuIpRaiser;DELAYX_R;;44,,;;;;
SixMax;Postflop;Mp;Ip;Bb;Hu;RaisePot;Raise;No;PostflopHuIpRaiser;SDELAYX_R;;30,,;;;;
SixMax;Postflop;Mp;Ip;Bb;Hu;RaisePot;Raise;No;PostflopHuIpRaiser;CvPROBE_T;;74,,;;;;
SixMax;Postflop;Mp;Ip;Bb;Hu;RaisePot;Raise;No;PostflopHuIpRaiser;CvPROBE_R;;68,,;;;;
SixMax;Postflop;Mp;Ip;Bb;Hu;RaisePot;Raise;No;PostflopHuIpRaiser;FLOATPROBEX_R;;58,,;;;;
SixMax;Postflop;Mp;Ip;Bb;Hu;RaisePot;Raise;No;PostflopHuIpRaiser;Bet_F;63.109047;50,57,;50,,;67,,;;
SixMax;Postflop;Mp;Ip;Bb;Hu;RaisePot;Raise;No;PostflopHuIpRaiser;Bet_T;47.234043;73,,;;;80,,;
SixMax;Postflop;Mp;Ip;Bb;Hu;RaisePot;Raise;No;PostflopHuIpRaiser;Bet_R;32.846714;71,,;;;;
SixMax;Postflop;Mp;Ip;Bb;Hu;RaisePot;Raise;No;PostflopHuIpRaiser;Check_F;36.890953;39,,;;;;
SixMax;Postflop;Mp;Ip;Bb;Hu;RaisePot;Raise;No;PostflopHuIpRaiser;Check_T;52.765957;36,43,;;;;
SixMax;Postflop;Mp;Ip;Bb;Hu;RaisePot;Raise;No;PostflopHuIpRaiser;Check_R;67.15328;26,,;;;;
SixMax;Postflop;Mp;Ip;Bb;Hu;RaisePot;Raise;No;PostflopHuIpRaiser;CvBet_T;;71,,;;;;
SixMax;Postflop;Mp;Ip;Bb;Hu;RaisePot;Raise;No;PostflopHuIpRaiser;CvBet_R;;65,,;;;;
SixMax;Postflop;Mp;Any;Any;Multiway;RaisePot;Raise;Yes;PostflopGeneral;Bet_F;34.405144;67,,;;;;
SixMax;Postflop;Mp;Any;Any;Multiway;RaisePot;Raise;Yes;PostflopGeneral;Bet_T;32.46073;80,,;;;;
SixMax;Postflop;Mp;Any;Any;Multiway;RaisePot;Raise;Yes;PostflopGeneral;Bet_R;30.76923;72,,;;;;
SixMax;Postflop;Mp;Any;Any;Multiway;RaisePot;Raise;Yes;PostflopGeneral;Check_F;65.59486;44,,;;;;
SixMax;Postflop;Mp;Any;Any;Multiway;RaisePot;Raise;Yes;PostflopGeneral;Check_T;67.53927;44,,74;;;;
SixMax;Postflop;Mp;Any;Any;Multiway;RaisePot;Raise;Yes;PostflopGeneral;Check_R;69.23077;41,,;;;;
SixMax;Postflop;Mp;Any;Any;Multiway;RaisePot;Raise;Yes;PostflopGeneral;CvBet_F;;69,,;;;;
SixMax;Postflop;Mp;Any;Any;Multiway;RaisePot;Raise;Yes;PostflopGeneral;CvBet_T;;74,,;;;;
SixMax;Postflop;Mp;Any;Any;Multiway;RaisePot;Raise;Yes;PostflopGeneral;CvBet_R;;74,,;;;;
SixMax;Postflop;Mp;Oop;Co;Hu;ThreeBetPot;RaiseCall;No;PostflopHuOopCaller;CvCB_F;;68,,;;;;
SixMax;Postflop;Mp;Oop;Co;Hu;ThreeBetPot;RaiseCall;No;PostflopHuOopCaller;DONKX_F;;69,,;;;;
SixMax;Postflop;Mp;Oop;Co;Hu;ThreeBetPot;RaiseCall;No;PostflopHuOopCaller;DONKX_T;;73,,;;;;
SixMax;Postflop;Mp;Oop;Co;Hu;ThreeBetPot;RaiseCall;No;PostflopHuOopCaller;Check_F;;69,,;;;;
SixMax;Postflop;Mp;Oop;Co;Hu;ThreeBetPot;RaiseCall;No;PostflopHuOopCaller;Check_T;;68,,;;;;
SixMax;Postflop;Mp;Oop;Co;Hu;ThreeBetPot;RaiseCall;No;PostflopHuOopCaller;Check_R;;63,,;;;;
SixMax;Postflop;Mp;Oop;Co;Hu;ThreeBetPot;RaiseCall;No;PostflopHuOopCaller;CvBet_F;;68,,;;;;
SixMax;Postflop;Co;Any;Any;Hu;IsolatePot;Raise;Any;PostflopGeneral;Check_T;;44,,;;;;
SixMax;Postflop;Co;Oop;Btn;Hu;RaisePot;Raise;No;PostflopHuOopRaiser;CB_F;36.31841;57,,;;;;
SixMax;Postflop;Co;Oop;Btn;Hu;RaisePot;Raise;No;PostflopHuOopRaiser;CX_F;63.68159;48,,;;;;
SixMax;Postflop;Co;Oop;Btn;Hu;RaisePot;Raise;No;PostflopHuOopRaiser;DELAYX_T;;49,,;;;;
SixMax;Postflop;Co;Oop;Btn;Hu;RaisePot;Raise;No;PostflopHuOopRaiser;SDELAYX_R;;43,,;;;;
SixMax;Postflop;Co;Oop;Btn;Hu;RaisePot;Raise;No;PostflopHuOopRaiser;CvFLOAT_F;;65,,;;;;
SixMax;Postflop;Co;Oop;Btn;Hu;RaisePot;Raise;No;PostflopHuOopRaiser;Bet_F;36.31841;57,,;;;;
SixMax;Postflop;Co;Oop;Btn;Hu;RaisePot;Raise;No;PostflopHuOopRaiser;Bet_T;35.81081;;;;;
SixMax;Postflop;Co;Oop;Btn;Hu;RaisePot;Raise;No;PostflopHuOopRaiser;Bet_R;25;;;;;
SixMax;Postflop;Co;Oop;Btn;Hu;RaisePot;Raise;No;PostflopHuOopRaiser;Check_F;63.68159;48,,;;;;
SixMax;Postflop;Co;Oop;Btn;Hu;RaisePot;Raise;No;PostflopHuOopRaiser;Check_T;64.189186;47,,;;;;
SixMax;Postflop;Co;Oop;Btn;Hu;RaisePot;Raise;No;PostflopHuOopRaiser;Check_R;75;37,,;;;;
SixMax;Postflop;Co;Oop;Btn;Hu;RaisePot;Raise;No;PostflopHuOopRaiser;CvBet_F;;65,,;;;;
SixMax;Postflop;Co;Ip;Sb;Hu;RaisePot;Raise;No;PostflopHuIpRaiser;CB_F;57.228916;66,,;;;;
SixMax;Postflop;Co;Ip;Sb;Hu;RaisePot;Raise;No;PostflopHuIpRaiser;CX_F;42.771084;46,,;;;;
SixMax;Postflop;Co;Ip;Sb;Hu;RaisePot;Raise;No;PostflopHuIpRaiser;DELAYX_T;;46,,;;;;
SixMax;Postflop;Co;Ip;Sb;Hu;RaisePot;Raise;No;PostflopHuIpRaiser;SDELAYX_R;;34,,;;;;
SixMax;Postflop;Co;Ip;Sb;Hu;RaisePot;Raise;No;PostflopHuIpRaiser;Bet_F;57.228916;66,,;;;;
SixMax;Postflop;Co;Ip;Sb;Hu;RaisePot;Raise;No;PostflopHuIpRaiser;Check_F;42.771084;46,,;;;;
SixMax;Postflop;Co;Ip;Sb;Hu;RaisePot;Raise;No;PostflopHuIpRaiser;Check_T;;47,,;;;;
SixMax;Postflop;Co;Ip;Sb;Hu;RaisePot;Raise;No;PostflopHuIpRaiser;Check_R;;34,,;;;;
SixMax;Postflop;Co;Ip;Sb;Hu;RaisePot;Raise;No;PostflopHuIpRaiser;CvBet_R;;68,,;;;;
SixMax;Postflop;Co;Ip;Bb;Hu;RaisePot;Raise;No;PostflopHuIpRaiser;CB_F;60.24735;47,52,;43,,;;;
SixMax;Postflop;Co;Ip;Bb;Hu;RaisePot;Raise;No;PostflopHuIpRaiser;CB_T;53.020134;76,,;;;;
SixMax;Postflop;Co;Ip;Bb;Hu;RaisePot;Raise;No;PostflopHuIpRaiser;CX_F;39.75265;30,,;;;;
SixMax;Postflop;Co;Ip;Bb;Hu;RaisePot;Raise;No;PostflopHuIpRaiser;CX_T;46.979866;47,,;;;;
SixMax;Postflop;Co;Ip;Bb;Hu;RaisePot;Raise;No;PostflopHuIpRaiser;CX_R;;57,,;;;;
SixMax;Postflop;Co;Ip;Bb;Hu;RaisePot;Raise;No;PostflopHuIpRaiser;DELAY_T;29.577465;;;;;
SixMax;Postflop;Co;Ip;Bb;Hu;RaisePot;Raise;No;PostflopHuIpRaiser;DELAYX_T;70.42254;32,,;;;;
SixMax;Postflop;Co;Ip;Bb;Hu;RaisePot;Raise;No;PostflopHuIpRaiser;DELAYX_R;;38,,;;;;
SixMax;Postflop;Co;Ip;Bb;Hu;RaisePot;Raise;No;PostflopHuIpRaiser;SDELAYX_R;;22,,;;;;
SixMax;Postflop;Co;Ip;Bb;Hu;RaisePot;Raise;No;PostflopHuIpRaiser;CvPROBE_T;;66,,;;;;
SixMax;Postflop;Co;Ip;Bb;Hu;RaisePot;Raise;No;PostflopHuIpRaiser;Bet_F;60.24735;47,52,;43,,;;;
SixMax;Postflop;Co;Ip;Bb;Hu;RaisePot;Raise;No;PostflopHuIpRaiser;Bet_T;41.800644;72,38,;;;75,,;
SixMax;Postflop;Co;Ip;Bb;Hu;RaisePot;Raise;No;PostflopHuIpRaiser;Bet_R;33.333332;65,,;;;72,,;
SixMax;Postflop;Co;Ip;Bb;Hu;RaisePot;Raise;No;PostflopHuIpRaiser;Check_F;39.75265;30,,;;;;
SixMax;Postflop;Co;Ip;Bb;Hu;RaisePot;Raise;No;PostflopHuIpRaiser;Check_T;58.199356;25,37,56;;;;
SixMax;Postflop;Co;Ip;Bb;Hu;RaisePot;Raise;No;PostflopHuIpRaiser;Check_R;66.666664;20,,;;;;
SixMax;Postflop;Co;Ip;Bb;Hu;RaisePot;Raise;No;PostflopHuIpRaiser;FvBet_T;48.648647;;;;;
SixMax;Postflop;Co;Ip;Bb;Hu;RaisePot;Raise;No;PostflopHuIpRaiser;FvBet_R;60.95238;;;;;
SixMax;Postflop;Co;Ip;Bb;Hu;RaisePot;Raise;No;PostflopHuIpRaiser;CvBet_T;40.54054;64,,;;;;
SixMax;Postflop;Co;Ip;Bb;Hu;RaisePot;Raise;No;PostflopHuIpRaiser;CvBet_R;30.47619;62,,;;;;
SixMax;Postflop;Co;Ip;Bb;Hu;RaisePot;Raise;No;PostflopHuIpRaiser;Raise_T;10.810811;;;;;
SixMax;Postflop;Co;Ip;Bb;Hu;RaisePot;Raise;No;PostflopHuIpRaiser;Raise_R;8.7378645;;;;;
SixMax;Postflop;Co;Any;Any;Multiway;RaisePot;Raise;Yes;PostflopGeneral;Bet_F;37.288136;65,,;58,,;;;
SixMax;Postflop;Co;Any;Any;Multiway;RaisePot;Raise;Yes;PostflopGeneral;Bet_T;33.587788;72,,;;;;
SixMax;Postflop;Co;Any;Any;Multiway;RaisePot;Raise;Yes;PostflopGeneral;Check_F;62.711864;49,,;;;;
SixMax;Postflop;Co;Any;Any;Multiway;RaisePot;Raise;Yes;PostflopGeneral;Check_T;66.41222;47,,;;;;
SixMax;Postflop;Co;Any;Any;Multiway;RaisePot;Raise;Yes;PostflopGeneral;Check_R;;40,,;;;;
SixMax;Postflop;Co;Any;Any;Multiway;RaisePot;Raise;Yes;PostflopGeneral;CvBet_F;;66,,;;;;
SixMax;Postflop;Co;Any;Any;Multiway;RaisePot;Raise;Yes;PostflopGeneral;CvBet_T;;73,,;;;;
SixMax;Postflop;Co;Any;Any;Multiway;RaisePot;Raise;Yes;PostflopGeneral;CvBet_R;;64,,;;;;
SixMax;Postflop;Co;Ip;Mp;Hu;ThreeBetPot;Raise;No;PostflopHuIpRaiser;CB_F;;68,,;;;;
SixMax;Postflop;Co;Ip;Mp;Hu;ThreeBetPot;Raise;No;PostflopHuIpRaiser;CX_F;;59,,;;;;
SixMax;Postflop;Co;Ip;Mp;Hu;ThreeBetPot;Raise;No;PostflopHuIpRaiser;Bet_F;;68,,;;;;
SixMax;Postflop;Co;Ip;Mp;Hu;ThreeBetPot;Raise;No;PostflopHuIpRaiser;Check_F;;59,,;;;;
SixMax;Postflop;Co;Ip;Mp;Hu;ThreeBetPot;Raise;No;PostflopHuIpRaiser;Check_R;;52,,;;;;
SixMax;Postflop;Co;Any;Any;Hu;FourBetPot;RaiseRaise;Any;PostflopGeneral;Bet_F;;74,,;;;;
SixMax;Postflop;Co;Oop;Btn;Hu;ThreeBetPot;RaiseCall;No;PostflopHuOopCaller;DONKX_F;;67,,;;;;
SixMax;Postflop;Co;Oop;Btn;Hu;ThreeBetPot;RaiseCall;No;PostflopHuOopCaller;Check_F;;67,,;;;;
SixMax;Postflop;Co;Oop;Btn;Hu;ThreeBetPot;RaiseCall;No;PostflopHuOopCaller;Check_R;;58,,;;;;
Hu;Postflop;Sb;Ip;Bb;Hu;RaisePot;Raise;No;PostflopHuIpRaiser;CB_F;67.15328;52,,;;;;
Hu;Postflop;Sb;Ip;Bb;Hu;RaisePot;Raise;No;PostflopHuIpRaiser;CX_F;32.846714;41,,;;;;
Hu;Postflop;Sb;Ip;Bb;Hu;RaisePot;Raise;No;PostflopHuIpRaiser;SDELAYX_R;;32,,;;;;
Hu;Postflop;Sb;Ip;Bb;Hu;RaisePot;Raise;No;PostflopHuIpRaiser;Bet_F;67.15328;52,,;;;;
Hu;Postflop;Sb;Ip;Bb;Hu;RaisePot;Raise;No;PostflopHuIpRaiser;Check_F;32.846714;41,,;;;;
Hu;Postflop;Sb;Ip;Bb;Hu;RaisePot;Raise;No;PostflopHuIpRaiser;Check_T;;43,,;;;;
Hu;Postflop;Sb;Ip;Bb;Hu;RaisePot;Raise;No;PostflopHuIpRaiser;Check_R;;28,,;;;;
Hu;Postflop;Bb;Oop;Sb;Hu;RaisePot;Call;No;PostflopHuOopCaller;CvCB_F;;62,,;;;;
Hu;Postflop;Bb;Oop;Sb;Hu;RaisePot;Call;No;PostflopHuOopCaller;DONK_F;0;;;;;
Hu;Postflop;Bb;Oop;Sb;Hu;RaisePot;Call;No;PostflopHuOopCaller;DONKX_F;100;53,,;;;;
Hu;Postflop;Bb;Oop;Sb;Hu;RaisePot;Call;No;PostflopHuOopCaller;Bet_F;0;;;;;
Hu;Postflop;Bb;Oop;Sb;Hu;RaisePot;Call;No;PostflopHuOopCaller;Bet_R;;63,,;;;;
Hu;Postflop;Bb;Oop;Sb;Hu;RaisePot;Call;No;PostflopHuOopCaller;Check_F;100;53,,;;;;
Hu;Postflop;Bb;Oop;Sb;Hu;RaisePot;Call;No;PostflopHuOopCaller;Check_T;;60,,;;;;
Hu;Postflop;Bb;Oop;Sb;Hu;RaisePot;Call;No;PostflopHuOopCaller;Check_R;;53,,;;;;
Hu;Postflop;Bb;Oop;Sb;Hu;RaisePot;Call;No;PostflopHuOopCaller;CvBet_F;;62,,;;;;
